"","Sph","","Aln","","Cal","","R","Adj R","n","F"
"","Coefficient","Significance","Coefficient","Significance","Coefficient","Significance",NA,NA,NA,NA
"TSI","0.0498","1e-04","0.1528","2e-04","0.2165","0","0.386136514468549","0.373693335707777","148","31.031983216849"
"Greenland temperature","0.1699","0","0.5398","1e-04","0.1522","0.314","0.22461180625199","0.209506841438717","154","14.8700648448132"
"WMI","-0.0221","0.1072","0.0134","0.7688","0.5423","0","0.506835060635509","0.49722795142711","154","52.7562505683186"
"Scotland precipitation","-0.3081","0","0.0953","0.3794","0.0319","0.7937","0.395693538999477","0.383921335213753","154","33.6125288180378"
"WM water table","0.4979","0","0.4276","2e-04","0.0832","0.5049","0.621422900945806","0.613950984517105","152","83.1678066631997"
"d18O","0.8129","0","0.7487","2e-04","-0.2261","0.3059","0.564328261339149","0.555614826565932","150","64.7653050750728"
"VSSI","0.025","0.9067","0.8227","0.2441","-3.5991","0","0.13210360545769","0.114860630731683","151","7.66130018496452"
