"","Taxa","Date","Peak_Area"
"1","Sph",-36,5.64353452642713
"2","Sph",-35,5.61204277296928
"3","Sph",-34,5.58021886167183
"4","Sph",-33,5.54807718926913
"5","Sph",-32,5.51563189683504
"6","Sph",-31,5.4828969092011
"7","Sph",-30,5.44988597467054
"8","Sph",-29,5.41661270501484
"9","Sph",-28,5.38309061573904
"10","Sph",-27,5.3493331666029
"11","Sph",-26,5.31535380238439
"12","Sph",-25,5.28116599387266
"13","Sph",-24,5.24678327907709
"14","Sph",-23,5.21221930463958
"15","Sph",-22,5.17748786743654
"16","Sph",-21,5.14260295635758
"17","Sph",-20,5.10757879424714
"18","Sph",-19,5.0724298799957
"19","Sph",-18,5.03717102533655
"20","Sph",-17,5.00181737004461
"21","Sph",-16,4.96638436466304
"22","Sph",-15,4.93088773160259
"23","Sph",-14,4.89534342088831
"24","Sph",-13,4.85976756596817
"25","Sph",-12,4.82417643956801
"26","Sph",-11,4.78858640957714
"27","Sph",-10,4.75301389494887
"28","Sph",-9,4.71747532159982
"29","Sph",-8,4.68198707829226
"30","Sph",-7,4.64656547248336
"31","Sph",-6,4.6112266861254
"32","Sph",-5,4.57598673140119
"33","Sph",-4,4.54086140637878
"34","Sph",-3,4.50586625057006
"35","Sph",-2,4.47101650037773
"36","Sph",-1,4.43632704793982
"37","Sph",0,4.40181241392972
"38","Sph",1,4.36748674134559
"39","Sph",2,4.33336380322658
"40","Sph",3,4.29945701370943
"41","Sph",4,4.26577943888756
"42","Sph",5,4.23234380745982
"43","Sph",6,4.19916252115604
"44","Sph",7,4.16624766492695
"45","Sph",8,4.13361101688641
"46","Sph",9,4.10126405799426
"47","Sph",10,4.06921798146811
"48","Sph",11,4.03748370191309
"49","Sph",12,4.00607186415851
"50","Sph",13,3.97499285179083
"51","Sph",14,3.94425679537256
"52","Sph",15,3.91387358033703
"53","Sph",16,3.88385285454901
"54","Sph",17,3.8542040355217
"55","Sph",18,3.82493631728064
"56","Sph",19,3.7960586768652
"57","Sph",20,3.76757988045904
"58","Sph",21,3.73950848914038
"59","Sph",22,3.71185286424384
"60","Sph",23,3.68462117232537
"61","Sph",24,3.65782138972214
"62","Sph",25,3.63146130669949
"63","Sph",26,3.60554853117697
"64","Sph",27,3.58009049202624
"65","Sph",28,3.55509444193296
"66","Sph",29,3.53056745981588
"67","Sph",30,3.50651645279568
"68","Sph",31,3.48294815770691
"69","Sph",32,3.45986914214624
"70","Sph",33,3.43728580505033
"71","Sph",34,3.41520437679717
"72","Sph",35,3.39363091882434
"73","Sph",36,3.37257132275844
"74","Sph",37,3.35203130904954
"75","Sph",38,3.33201642510501
"76","Sph",39,3.31253204291717
"77","Sph",40,3.29358335617933
"78","Sph",41,3.275175376885
"79","Sph",42,3.25731293140514
"80","Sph",43,3.2400006560387
"81","Sph",44,3.22324299203168
"82","Sph",45,3.20704418006011
"83","Sph",46,3.1914082541728
"84","Sph",47,3.17633903518958
"85","Sph",48,3.16184012355122
"86","Sph",49,3.14791489161717
"87","Sph",50,3.13456647540776
"88","Sph",51,3.12179776578752
"89","Sph",52,3.10961139908651
"90","Sph",53,3.09800974715692
"91","Sph",54,3.08699490686244
"92","Sph",55,3.07656868899784
"93","Sph",56,3.0667326066371
"94","Sph",57,3.05748786290791
"95","Sph",58,3.04883533819151
"96","Sph",59,3.04077557674626
"97","Sph",60,3.03330877275449
"98","Sph",61,3.02643475579179
"99","Sph",62,3.02015297571881
"100","Sph",63,3.01446248699554
"101","Sph",64,3.0093619324187
"102","Sph",65,3.00484952628327
"103","Sph",66,3.0009230395329
"104","Sph",67,2.99757979459219
"105","Sph",68,2.99481667501005
"106","Sph",69,2.99263014478973
"107","Sph",70,2.99101626971727
"108","Sph",71,2.98997073812842
"109","Sph",72,2.98948888111769
"110","Sph",73,2.98956569219377
"111","Sph",74,2.99019584638594
"112","Sph",75,2.99137371880612
"113","Sph",76,2.99309340267203
"114","Sph",77,2.9953487267967
"115","Sph",78,2.99813327255017
"116","Sph",79,3.00144039029939
"117","Sph",80,3.00526321533256
"118","Sph",81,3.00959468327438
"119","Sph",82,3.01442754499883
"120","Sph",83,3.0197543810465
"121","Sph",84,3.02556761555335
"122","Sph",85,3.0318595296983
"123","Sph",86,3.03862227467686
"124","Sph",87,3.04584788420843
"125","Sph",88,3.05352828658488
"126","Sph",89,3.06165531626816
"127","Sph",90,3.07022072504476
"128","Sph",91,3.07921619274507
"129","Sph",92,3.08863333753557
"130","Sph",93,3.09846372579202
"131","Sph",94,3.10869888156178
"132","Sph",95,3.11933029562347
"133","Sph",96,3.13034943415228
"134","Sph",97,3.14174774699908
"135","Sph",98,3.15351667559187
"136","Sph",99,3.16564766046763
"137","Sph",100,3.17813214844313
"138","Sph",101,3.19096159943289
"139","Sph",102,3.20412749292273
"140","Sph",103,3.21762133410708
"141","Sph",104,3.23143465969858
"142","Sph",105,3.245559043418
"143","Sph",106,3.25998610117284
"144","Sph",107,3.2747074959329
"145","Sph",108,3.2897149423108
"146","Sph",109,3.30500021085569
"147","Sph",110,3.32055513206826
"148","Sph",111,3.33637160014493
"149","Sph",112,3.35244157645931
"150","Sph",113,3.36875709278875
"151","Sph",114,3.38531025429382
"152","Sph",115,3.40209324225856
"153","Sph",116,3.41909831659903
"154","Sph",117,3.43631781814797
"155","Sph",118,3.45374417072297
"156","Sph",119,3.47136988298564
"157","Sph",120,3.48918755009926
"158","Sph",121,3.50718985519202
"159","Sph",122,3.52536957063328
"160","Sph",123,3.54371955912979
"161","Sph",124,3.56223277464903
"162","Sph",125,3.58090226317664
"163","Sph",126,3.59972116331463
"164","Sph",127,3.61868270672739
"165","Sph",128,3.63778021844202
"166","Sph",129,3.65700711700961
"167","Sph",130,3.67635691453401
"168","Sph",131,3.69582321657444
"169","Sph",132,3.71539972192837
"170","Sph",133,3.73508022230074
"171","Sph",134,3.75485860186585
"172","Sph",135,3.77472883672776
"173","Sph",136,3.79468499428538
"174","Sph",137,3.81472123250796
"175","Sph",138,3.83483179912678
"176","Sph",139,3.85501103074881
"177","Sph",140,3.87525335189791
"178","Sph",141,3.89555327398904
"179","Sph",142,3.91590539424097
"180","Sph",143,3.93630439453283
"181","Sph",144,3.95674504020973
"182","Sph",145,3.9772221788427
"183","Sph",146,3.99773073894796
"184","Sph",147,4.01826572867065
"185","Sph",148,4.03882223443784
"186","Sph",149,4.0593954195858
"187","Sph",150,4.07998052296624
"188","Sph",151,4.10057285753628
"189","Sph",152,4.12116780893673
"190","Sph",153,4.14176083406336
"191","Sph",154,4.1623474596355
"192","Sph",155,4.18292328076654
"193","Sph",156,4.20348395954064
"194","Sph",157,4.22402522359988
"195","Sph",158,4.24454286474619
"196","Sph",159,4.26503273756214
"197","Sph",160,4.2854907580547
"198","Sph",161,4.30591290232606
"199","Sph",162,4.32629520527548
"200","Sph",163,4.34663375933597
"201","Sph",164,4.36692471324988
"202","Sph",165,4.38716427088704
"203","Sph",166,4.40734869010924
"204","Sph",167,4.42747428168476
"205","Sph",168,4.4475374082567
"206","Sph",169,4.46753448336845
"207","Sph",170,4.4874619705501
"208","Sph",171,4.50731638246924
"209","Sph",172,4.52709428014935
"210","Sph",173,4.5467922722596
"211","Sph",174,4.56640701447904
"212","Sph",175,4.58593520893865
"213","Sph",176,4.60537360374452
"214","Sph",177,4.62471899258533
"215","Sph",178,4.6439682144273
"216","Sph",179,4.66311815329971
"217","Sph",180,4.68216573817422
"218","Sph",181,4.70110794294074
"219","Sph",182,4.71994178648317
"220","Sph",183,4.73866433285773
"221","Sph",184,4.75727269157683
"222","Sph",185,4.77576401800143
"223","Sph",186,4.79413551384459
"224","Sph",187,4.81238442778909
"225","Sph",188,4.83050805622172
"226","Sph",189,4.84850374408708
"227","Sph",190,4.86636888586334
"228","Sph",191,4.88410092666272
"229","Sph",192,4.90169736345912
"230","Sph",193,4.9191557464454
"231","Sph",194,4.93647368052281
"232","Sph",195,4.9536488269249
"233","Sph",196,4.97067890497823
"234","Sph",197,4.98756169400221
"235","Sph",198,5.00429503535029
"236","Sph",199,5.02087683459456
"237","Sph",200,5.03730506385608
"238","Sph",201,5.05357776428267
"239","Sph",202,5.06969304867645
"240","Sph",203,5.08564910427282
"241","Sph",204,5.10144419567282
"242","Sph",205,5.11707666793059
"243","Sph",206,5.13254494979764
"244","Sph",207,5.14784755712554
"245","Sph",208,5.16298309614499
"246","Sph",209,5.17795026577184
"247","Sph",210,5.19274785837433
"248","Sph",211,5.20737475956995
"249","Sph",212,5.22182994790393
"250","Sph",213,5.23611249469394
"251","Sph",214,5.25022156404213
"252","Sph",215,5.26415641301534
"253","Sph",216,5.27791639199424
"254","Sph",217,5.29150094519226
"255","Sph",218,5.30490961134486
"256","Sph",219,5.31814202456965
"257","Sph",220,5.33119791539787
"258","Sph",221,5.34407711197759
"259","Sph",222,5.35677954144883
"260","Sph",223,5.36930523149083
"261","Sph",224,5.38165431204151
"262","Sph",225,5.3938270171891
"263","Sph",226,5.40582368723577
"264","Sph",227,5.41764477093313
"265","Sph",228,5.42929082788922
"266","Sph",229,5.44076253114641
"267","Sph",230,5.45206066992996
"268","Sph",231,5.46318615256632
"269","Sph",232,5.4741400095705
"270","Sph",233,5.48492339690164
"271","Sph",234,5.49553759938576
"272","Sph",235,5.50598403430453
"273","Sph",236,5.51626425514883
"274","Sph",237,5.52637995553576
"275","Sph",238,5.53633297328748
"276","Sph",239,5.54612529467036
"277","Sph",240,5.55575905879251
"278","Sph",241,5.56523656215785
"279","Sph",242,5.57456026337462
"280","Sph",243,5.58373278801608
"281","Sph",244,5.59275693363091
"282","Sph",245,5.60163567490096
"283","Sph",246,5.61037216894337
"284","Sph",247,5.61896976075443
"285","Sph",248,5.6274319887918
"286","Sph",249,5.63576259069207
"287","Sph",250,5.64396550912015
"288","Sph",251,5.65204489774675
"289","Sph",252,5.6600051273502
"290","Sph",253,5.66785079203851
"291","Sph",254,5.67558671558754
"292","Sph",255,5.68321795789051
"293","Sph",256,5.69074982151447
"294","Sph",257,5.69818785835863
"295","Sph",258,5.70553786934933
"296","Sph",259,5.71280587598637
"297","Sph",260,5.7199980496149
"298","Sph",261,5.72712061253718
"299","Sph",262,5.73417973213812
"300","Sph",263,5.74118141507875
"301","Sph",264,5.74813140155155
"302","Sph",265,5.75503505959188
"303","Sph",266,5.76189727943997
"304","Sph",267,5.76872236794829
"305","Sph",268,5.77551394302959
"306","Sph",269,5.78227482814141
"307","Sph",270,5.7890069468037
"308","Sph",271,5.79571121714671
"309","Sph",272,5.80238744648752
"310","Sph",273,5.80903422593407
"311","Sph",274,5.81564882501727
"312","Sph",275,5.82222708635235
"313","Sph",276,5.82876332033233
"314","Sph",277,5.83525019985756
"315","Sph",278,5.84167865510711
"316","Sph",279,5.84803776835902
"317","Sph",280,5.85431469427708
"318","Sph",281,5.86049468190073
"319","Sph",282,5.86656124916794
"320","Sph",283,5.87249645916799
"321","Sph",284,5.87828122191417
"322","Sph",285,5.883895596245
"323","Sph",286,5.88931909187253
"324","Sph",287,5.89453097159683
"325","Sph",288,5.89951055370672
"326","Sph",289,5.90423751458656
"327","Sph",290,5.90869219154927
"328","Sph",291,5.91285588591521
"329","Sph",292,5.91671116635587
"330","Sph",293,5.92024217252049
"331","Sph",294,5.9234349189624
"332","Sph",295,5.92627759938053
"333","Sph",296,5.92876086347216
"334","Sph",297,5.93087798325698
"335","Sph",298,5.93262485344705
"336","Sph",299,5.93399988130356
"337","Sph",300,5.93500384913597
"338","Sph",301,5.93563977716235
"339","Sph",302,5.93591278673016
"340","Sph",303,5.93582996389464
"341","Sph",304,5.93540022334988
"342","Sph",305,5.93463417270574
"343","Sph",306,5.93354397710193
"344","Sph",307,5.93214322414911
"345","Sph",308,5.9304467891851
"346","Sph",309,5.92847070083308
"347","Sph",310,5.92623200684734
"348","Sph",311,5.92374864023108
"349","Sph",312,5.92103928560957
"350","Sph",313,5.91812324584145
"351","Sph",314,5.91502030884987
"352","Sph",315,5.91175061465486
"353","Sph",316,5.90833452258751
"354","Sph",317,5.90479247866672
"355","Sph",318,5.90114488311839
"356","Sph",319,5.89741195801746
"357","Sph",320,5.89361361503285
"358","Sph",321,5.88976932325572
"359","Sph",322,5.88589797709166
"360","Sph",323,5.88201776419796
"361","Sph",324,5.87814603344757
"362","Sph",325,5.87429916290212
"363","Sph",326,5.87049242777711
"364","Sph",327,5.86673988089617
"365","Sph",328,5.86305428315739
"366","Sph",329,5.85944710902351
"367","Sph",330,5.85592860199824
"368","Sph",331,5.85250784253933
"369","Sph",332,5.84919281588588
"370","Sph",333,5.84599047979092
"371","Sph",334,5.84290683215148
"372","Sph",335,5.83994697852924
"373","Sph",336,5.83711519955609
"374","Sph",337,5.83441501821938
"375","Sph",338,5.83184926702274
"376","Sph",339,5.82942015501905
"377","Sph",340,5.82712933471268
"378","Sph",341,5.82497796882891
"379","Sph",342,5.82296679694881
"380","Sph",343,5.82109620200837
"381","Sph",344,5.81936627666134
"382","Sph",345,5.81777688950512
"383","Sph",346,5.81632775116972
"384","Sph",347,5.81501848026987
"385","Sph",348,5.81384866922048
"386","Sph",349,5.8128179499159
"387","Sph",350,5.81192605927316
"388","Sph",351,5.8111729046397
"389","Sph",352,5.81055862906575
"390","Sph",353,5.81008367644135
"391","Sph",354,5.80974885649795
"392","Sph",355,5.80955539820947
"393","Sph",356,5.80950495719826
"394","Sph",357,5.8095995542156
"395","Sph",358,5.80984146762439
"396","Sph",359,5.81023311427568
"397","Sph",360,5.81077693024169
"398","Sph",361,5.81147525140288
"399","Sph",362,5.81233019388681
"400","Sph",363,5.81334353435648
"401","Sph",364,5.81451659014639
"402","Sph",365,5.81585009924427
"403","Sph",366,5.81734410011763
"404","Sph",367,5.8189978113842
"405","Sph",368,5.82080951132646
"406","Sph",369,5.82277641725094
"407","Sph",370,5.82489456469414
"408","Sph",371,5.82715868647777
"409","Sph",372,5.82956210754934
"410","Sph",373,5.8320967034097
"411","Sph",374,5.83475295399818
"412","Sph",375,5.83752006117906
"413","Sph",376,5.84038608204224
"414","Sph",377,5.8433380620964
"415","Sph",378,5.84636216836633
"416","Sph",379,5.84944382240691
"417","Sph",380,5.85256783324715
"418","Sph",381,5.85571853027847
"419","Sph",382,5.85887989610194
"420","Sph",383,5.86203569934972
"421","Sph",384,5.86516962749611
"422","Sph",385,5.86826541967418
"423","Sph",386,5.8713069995136
"424","Sph",387,5.87427860801559
"425","Sph",388,5.87716493648053
"426","Sph",389,5.87995125120953
"427","Sph",390,5.88262348511277
"428","Sph",391,5.88516827965114
"429","Sph",392,5.88757299371248
"430","Sph",393,5.88982570431787
"431","Sph",394,5.89191520746389
"432","Sph",395,5.89383101911279
"433","Sph",396,5.89556337634119
"434","Sph",397,5.89710323865782
"435","Sph",398,5.89844228949958
"436","Sph",399,5.89957293791483
"437","Sph",400,5.90048832044204
"438","Sph",401,5.90118230319108
"439","Sph",402,5.901649484134
"440","Sph",403,5.90188519561111
"441","Sph",404,5.90188550705777
"442","Sph",405,5.90164722795629
"443","Sph",406,5.90116791101694
"444","Sph",407,5.90044585559098
"445","Sph",408,5.89948011131828
"446","Sph",409,5.89827048201106
"447","Sph",410,5.89681752977474
"448","Sph",411,5.895122579366
"449","Sph",412,5.8931877227877
"450","Sph",413,5.89101582411907
"451","Sph",414,5.8886105245794
"452","Sph",415,5.88597624782229
"453","Sph",416,5.88311820545697
"454","Sph",417,5.88004240279233
"455","Sph",418,5.87675564479857
"456","Sph",419,5.87326554228076
"457","Sph",420,5.86958051825744
"458","Sph",421,5.86570981453705
"459","Sph",422,5.86166349848385
"460","Sph",423,5.85745246996437
"461","Sph",424,5.8530884684646
"462","Sph",425,5.84858408036726
"463","Sph",426,5.84395274637769
"464","Sph",427,5.83920876908613
"465","Sph",428,5.83436732065331
"466","Sph",429,5.82944445060534
"467","Sph",430,5.82445709372313
"468","Sph",431,5.81942307117964
"469","Sph",432,5.81436106441478
"470","Sph",433,5.80929054806842
"471","Sph",434,5.80423169561566
"472","Sph",435,5.7992052781788
"473","Sph",436,5.79423256332774
"474","Sph",437,5.78933521384848
"475","Sph",438,5.78453518645911
"476","Sph",439,5.77985463045226
"477","Sph",440,5.77531578624254
"478","Sph",441,5.77094088379764
"479","Sph",442,5.7667520409312
"480","Sph",443,5.76277116143612
"481","Sph",444,5.75901983303662
"482","Sph",445,5.75551922513782
"483","Sph",446,5.75228998635181
"484","Sph",447,5.74935214177976
"485","Sph",448,5.74672499002977
"486","Sph",449,5.74442699995133
"487","Sph",450,5.74247571526559
"488","Sph",451,5.7408876916692
"489","Sph",452,5.73967848279095
"490","Sph",453,5.73886265858869
"491","Sph",454,5.73845383157587
"492","Sph",455,5.73846468266535
"493","Sph",456,5.73890698661702
"494","Sph",457,5.7397916370769
"495","Sph",458,5.74112867119629
"496","Sph",459,5.74292729382034
"497","Sph",460,5.74519590123615
"498","Sph",461,5.7479421044715
"499","Sph",462,5.75117275213608
"500","Sph",463,5.75489395279762
"501","Sph",464,5.75911109688639
"502","Sph",465,5.76382887812201
"503","Sph",466,5.7690513144574
"504","Sph",467,5.77478176853515
"505","Sph",468,5.78102296765259
"506","Sph",469,5.78777701721183
"507","Sph",470,5.79504538959172
"508","Sph",471,5.80282887639918
"509","Sph",472,5.81112751613895
"510","Sph",473,5.81994051536159
"511","Sph",474,5.82926616930981
"512","Sph",475,5.8391017820642
"513","Sph",476,5.8494435861898
"514","Sph",477,5.8602866618863
"515","Sph",478,5.87162485564558
"516","Sph",479,5.88345069842143
"517","Sph",480,5.89575533236819
"518","Sph",481,5.90852847330823
"519","Sph",482,5.92175842703832
"520","Sph",483,5.93543214138349
"521","Sph",484,5.9495352668572
"522","Sph",485,5.96405221688967
"523","Sph",486,5.97896622763855
"524","Sph",487,5.99425941739675
"525","Sph",488,6.00991284561402
"526","Sph",489,6.02590657154956
"527","Sph",490,6.04221971257407
"528","Sph",491,6.05883050565429
"529","Sph",492,6.07571638258131
"530","Sph",493,6.09285406599093
"531","Sph",494,6.11021967917088
"532","Sph",495,6.12778885913662
"533","Sph",496,6.14553686948525
"534","Sph",497,6.16343871305123
"535","Sph",498,6.18146924438802
"536","Sph",499,6.19960328209985
"537","Sph",500,6.21781572104815
"538","Sph",501,6.23608164445705
"539","Sph",502,6.25437643594239
"540","Sph",503,6.27267589148856
"541","Sph",504,6.29095633139684
"542","Sph",505,6.30919471222912
"543","Sph",506,6.32736873876971
"544","Sph",507,6.34545697602783
"545","Sph",508,6.36343896130236
"546","Sph",509,6.38129531632973
"547","Sph",510,6.39900785953483
"548","Sph",511,6.41655971840369
"549","Sph",512,6.43393542948601
"550","Sph",513,6.45112098851474
"551","Sph",514,6.46810382563826
"552","Sph",515,6.48487273079844
"553","Sph",516,6.50141776679577
"554","Sph",517,6.51773018256236
"555","Sph",518,6.5338023266525
"556","Sph",519,6.54962756095936
"557","Sph",520,6.56520017466531
"558","Sph",521,6.58051529843236
"559","Sph",522,6.59556881883842
"560","Sph",523,6.61035729306399
"561","Sph",524,6.6248778638335
"562","Sph",525,6.63912817461463
"563","Sph",526,6.65310628507839
"564","Sph",527,6.66681058682241
"565","Sph",528,6.68023971935919
"566","Sph",529,6.69339248637119
"567","Sph",530,6.70626777223382
"568","Sph",531,6.71886445880777
"569","Sph",532,6.73118134250169
"570","Sph",533,6.74321705160639
"571","Sph",534,6.75496996390178
"572","Sph",535,6.76643813300583
"573","Sph",536,6.77761924887105
"574","Sph",537,6.78851064936629
"575","Sph",538,6.79910936601021
"576","Sph",539,6.80941217845513
"577","Sph",540,6.81941566925623
"578","Sph",541,6.82911627892915
"579","Sph",542,6.83851036129932
"580","Sph",543,6.84759423914649
"581","Sph",544,6.85636426014793
"582","Sph",545,6.86481685312393
"583","Sph",546,6.87294858458899
"584","Sph",547,6.88075621561238
"585","Sph",548,6.88823675899113
"586","Sph",549,6.89538753673882
"587","Sph",550,6.90220623789283
"588","Sph",551,6.90869097664282
"589","Sph",552,6.91484035078254
"590","Sph",553,6.92065350048681
"591","Sph",554,6.92613016741509
"592","Sph",555,6.93127075414229
"593","Sph",556,6.93607638391719
"594","Sph",557,6.94054896074794
"595","Sph",558,6.94469122981362
"596","Sph",559,6.94850683819989
"597","Sph",560,6.95200038883708
"598","Sph",561,6.95517746628023
"599","Sph",562,6.95804462008859
"600","Sph",563,6.96060932003712
"601","Sph",564,6.96287990451062
"602","Sph",565,6.96486552919206
"603","Sph",566,6.96657611603719
"604","Sph",567,6.96802230252636
"605","Sph",568,6.96921539118404
"606","Sph",569,6.97016729935568
"607","Sph",570,6.97089050923081
"608","Sph",571,6.97139801810096
"609","Sph",572,6.97170328884009
"610","Sph",573,6.97182020059506
"611","Sph",574,6.9717629996729
"612","Sph",575,6.97154625061147
"613","Sph",576,6.97118478741957
"614","Sph",577,6.97069366497252
"615","Sph",578,6.97008811054843
"616","Sph",579,6.96938347549096
"617","Sph",580,6.96859518698334
"618","Sph",581,6.96773869991897
"619","Sph",582,6.96682944885357
"620","Sph",583,6.96588280002369
"621","Sph",584,6.96491400341675
"622","Sph",585,6.96393814487751
"623","Sph",586,6.9629700982363
"624","Sph",587,6.9620244774441
"625","Sph",588,6.96111558870027
"626","Sph",589,6.96025738255847
"627","Sph",590,6.95946340599701
"628","Sph",591,6.95874675444004
"629","Sph",592,6.95812002371631
"630","Sph",593,6.95759526194286
"631","Sph",594,6.95718392132137
"632","Sph",595,6.95689680983541
"633","Sph",596,6.95674404283751
"634","Sph",597,6.9567349945155
"635","Sph",598,6.95687824922831
"636","Sph",599,6.95718155270213
"637","Sph",600,6.95765176307855
"638","Sph",601,6.95829480180718
"639","Sph",602,6.95911561105953
"640","Sph",603,6.96011813770864
"641","Sph",604,6.96130535723661
"642","Sph",605,6.96267932419907
"643","Sph",606,6.96424122919375
"644","Sph",607,6.96599145564738
"645","Sph",608,6.96792963641988
"646","Sph",609,6.97005471022543
"647","Sph",610,6.97236497787073
"648","Sph",611,6.97485815831145
"649","Sph",612,6.9775314445285
"650","Sph",613,6.98038155922637
"651","Sph",614,6.98340481035613
"652","Sph",615,6.9865971464664
"653","Sph",616,6.98995421188572
"654","Sph",617,6.9934714017404
"655","Sph",618,6.99714391681186
"656","Sph",619,7.00096681823815
"657","Sph",620,7.00493507917703
"658","Sph",621,7.00904362477428
"659","Sph",622,7.01328735466786
"660","Sph",623,7.0176611538071
"661","Sph",624,7.02215990025308
"662","Sph",625,7.02677847285224
"663","Sph",626,7.03151175878832
"664","Sph",627,7.03635466101743
"665","Sph",628,7.04130210559143
"666","Sph",629,7.04634904887442
"667","Sph",630,7.05149048465739
"668","Sph",631,7.05672145117588
"669","Sph",632,7.06203703803553
"670","Sph",633,7.06743239305043
"671","Sph",634,7.07290272899887
"672","Sph",635,7.07844333030147
"673","Sph",636,7.08404955962607
"674","Sph",637,7.08971686442427
"675","Sph",638,7.09544078230177
"676","Sph",639,7.101216941921
"677","Sph",640,7.10704105723613
"678","Sph",641,7.11290891726892
"679","Sph",642,7.11881637473572
"680","Sph",643,7.12475933463179
"681","Sph",644,7.13073374277706
"682","Sph",645,7.13673557432723
"683","Sph",646,7.14276082225429
"684","Sph",647,7.14880548580016
"685","Sph",648,7.15486555890772
"686","Sph",649,7.1609370186327
"687","Sph",650,7.16701581354073
"688","Sph",651,7.17309785209327
"689","Sph",652,7.1791789910263
"690","Sph",653,7.18525502372609
"691","Sph",654,7.19132166860564
"692","Sph",655,7.19737455748631
"693","Sph",656,7.20340922398859
"694","Sph",657,7.20942109193623
"695","Sph",658,7.21540546377833
"696","Sph",659,7.22135750903362
"697","Sph",660,7.22727225276156
"698","Sph",661,7.23314456406513
"699","Sph",662,7.23896914462991
"700","Sph",663,7.24474051730468
"701","Sph",664,7.25045301472859
"702","Sph",665,7.25610076801024
"703","Sph",666,7.26167769546427
"704","Sph",667,7.26717749801736
"705","Sph",668,7.27259368110814
"706","Sph",669,7.27791961629977
"707","Sph",670,7.28314862939881
"708","Sph",671,7.28827409526837
"709","Sph",672,7.29328953273561
"710","Sph",673,7.29818869960009
"711","Sph",674,7.30296568774923
"712","Sph",675,7.30761501838689
"713","Sph",676,7.31213173738076
"714","Sph",677,7.31651151073396
"715","Sph",678,7.32075072018551
"716","Sph",679,7.32484655894386
"717","Sph",680,7.32879712755708
"718","Sph",681,7.3326015299222
"719","Sph",682,7.33625995518433
"720","Sph",683,7.339773702772
"721","Sph",684,7.34314512206577
"722","Sph",685,7.34637749520182
"723","Sph",686,7.34947490576222
"724","Sph",687,7.35244210760045
"725","Sph",688,7.35528439379797
"726","Sph",689,7.35800746574747
"727","Sph",690,7.36061730235766
"728","Sph",691,7.36312002937403
"729","Sph",692,7.36552178880992
"730","Sph",693,7.36782860848193
"731","Sph",694,7.37004627164378
"732","Sph",695,7.37218018671281
"733","Sph",696,7.37423525708348
"734","Sph",697,7.37621575102283
"735","Sph",698,7.37812518375632
"736","Sph",699,7.37996624808032
"737","Sph",700,7.38174081772438
"738","Sph",701,7.38344999923409
"739","Sph",702,7.38509419603245
"740","Sph",703,7.38667317254529
"741","Sph",704,7.38818611839033
"742","Sph",705,7.38963171263008
"743","Sph",706,7.39100818808934
"744","Sph",707,7.39231339573848
"745","Sph",708,7.39354486914436
"746","Sph",709,7.39469988899074
"747","Sph",710,7.39577554767077
"748","Sph",711,7.39676881395399
"749","Sph",712,7.3976765977307
"750","Sph",713,7.39849581483678
"751","Sph",714,7.39922345196162
"752","Sph",715,7.39985662900465
"753","Sph",716,7.40039265096987
"754","Sph",717,7.40082904412554
"755","Sph",718,7.4011635817073
"756","Sph",719,7.4013943070805
"757","Sph",720,7.40151955700158
"758","Sph",721,7.40153798498049
"759","Sph",722,7.40144858474576
"760","Sph",723,7.40125071381346
"761","Sph",724,7.40094411716104
"762","Sph",725,7.40052895100673
"763","Sph",726,7.40000580669462
"764","Sph",727,7.39937573468536
"765","Sph",728,7.39864026865187
"766","Sph",729,7.39780144967891
"767","Sph",730,7.39686185056525
"768","Sph",731,7.39582460022612
"769","Sph",732,7.39469340819374
"770","Sph",733,7.39347258391089
"771","Sph",734,7.39216703490869
"772","Sph",735,7.39078223326095
"773","Sph",736,7.38932416091371
"774","Sph",737,7.38779924979012
"775","Sph",738,7.38621432196634
"776","Sph",739,7.3845765299125
"777","Sph",740,7.38289329679195
"778","Sph",741,7.38117225681184
"779","Sph",742,7.37942119561794
"780","Sph",743,7.3776479907262
"781","Sph",744,7.37586055198351
"782","Sph",745,7.37406676205002
"783","Sph",746,7.37227441689538
"784","Sph",747,7.37049116630117
"785","Sph",748,7.36872445436198
"786","Sph",749,7.36698145997778
"787","Sph",750,7.36526903707598
"788","Sph",751,7.36359365379316
"789","Sph",752,7.36196133010134
"790","Sph",753,7.36037757438105
"791","Sph",754,7.35884731969837
"792","Sph",755,7.35737486003488
"793","Sph",756,7.3559637864659
"794","Sph",757,7.35461692328263
"795","Sph",758,7.35333626795684
"796","Sph",759,7.35212294665103
"797","Sph",760,7.35097719307599
"798","Sph",761,7.34989834289082
"799","Sph",762,7.34888483193949
"800","Sph",763,7.34793419442261
"801","Sph",764,7.34704306100604
"802","Sph",765,7.34620715686858
"803","Sph",766,7.34542129969222
"804","Sph",767,7.34467939759891
"805","Sph",768,7.34397444703911
"806","Sph",769,7.34329853063791
"807","Sph",770,7.34264281500554
"808","Sph",771,7.34199754852013
"809","Sph",772,7.34135205909117
"810","Sph",773,7.34069476035943
"811","Sph",774,7.34001319168243
"812","Sph",775,7.33929410880898
"813","Sph",776,7.33852360836264
"814","Sph",777,7.33768726080817
"815","Sph",778,7.33677024346847
"816","Sph",779,7.33575747360572
"817","Sph",780,7.33463374158138
"818","Sph",781,7.33338384410947
"819","Sph",782,7.33199271761804
"820","Sph",783,7.33044557173343
"821","Sph",784,7.32872802290208
"822","Sph",785,7.32682622816412
"823","Sph",786,7.3247270190928
"824","Sph",787,7.32241803591304
"825","Sph",788,7.31988784544137
"826","Sph",789,7.31712599374717
"827","Sph",790,7.31412296080508
"828","Sph",791,7.3108700498901
"829","Sph",792,7.3073592608366
"830","Sph",793,7.30358316354051
"831","Sph",794,7.29953477171248
"832","Sph",795,7.29520741688942
"833","Sph",796,7.29059463576822
"834","Sph",797,7.28569011003987
"835","Sph",798,7.28048768484444
"836","Sph",799,7.27498143973871
"837","Sph",800,7.2691657730113
"838","Sph",801,7.26303548629345
"839","Sph",802,7.25658586947135
"840","Sph",803,7.2498127859046
"841","Sph",804,7.24271275795567
"842","Sph",805,7.23528304213551
"843","Sph",806,7.22752166177267
"844","Sph",807,7.21942737581129
"845","Sph",808,7.21099960513714
"846","Sph",809,7.20223834852911
"847","Sph",810,7.19314409893532
"848","Sph",811,7.18371776007398
"849","Sph",812,7.17396056335849
"850","Sph",813,7.16387398514601
"851","Sph",814,7.15345966430828
"852","Sph",815,7.14271933147479
"853","Sph",816,7.13165478400135
"854","Sph",817,7.12026792936528
"855","Sph",818,7.10856087428253
"856","Sph",819,7.09653602549022
"857","Sph",820,7.08419619084113
"858","Sph",821,7.07154468070751
"859","Sph",822,7.05858540969173
"860","Sph",823,7.04532299864023
"861","Sph",824,7.0317628734785
"862","Sph",825,7.01791135042685
"863","Sph",826,7.00377570063449
"864","Sph",827,6.98936420118295
"865","Sph",828,6.97468618288722
"866","Sph",829,6.95975207836529
"867","Sph",830,6.94457347036672
"868","Sph",831,6.92916314035029
"869","Sph",832,6.91353510959567
"870","Sph",833,6.89770464972599
"871","Sph",834,6.88168824722048
"872","Sph",835,6.86550353730946
"873","Sph",836,6.84916923034632
"874","Sph",837,6.83270503834307
"875","Sph",838,6.81613160165107
"876","Sph",839,6.79947041576799
"877","Sph",840,6.78274375068816
"878","Sph",841,6.76597454008809
"879","Sph",842,6.74918622520043
"880","Sph",843,6.73240256847905
"881","Sph",844,6.7156474597201
"882","Sph",845,6.69894472217846
"883","Sph",846,6.68231791865642
"884","Sph",847,6.6657901575414
"885","Sph",848,6.64938390991067
"886","Sph",849,6.63312087110234
"887","Sph",850,6.61702188901226
"888","Sph",851,6.60110693681446
"889","Sph",852,6.5853950966627
"890","Sph",853,6.5699045432132
"891","Sph",854,6.55465252694988
"892","Sph",855,6.5396553572944
"893","Sph",856,6.52492838548429
"894","Sph",857,6.51048599452613
"895","Sph",858,6.49634161817787
"896","Sph",859,6.4825078035922
"897","Sph",860,6.46899630296186
"898","Sph",861,6.45581817218569
"899","Sph",862,6.44298386922099
"900","Sph",863,6.43050335211131
"901","Sph",864,6.41838617667945
"902","Sph",865,6.40664158794007
"903","Sph",866,6.39527858741506
"904","Sph",867,6.38430596447078
"905","Sph",868,6.37373230354026
"906","Sph",869,6.36356598502925
"907","Sph",870,6.35381518583357
"908","Sph",871,6.34448787945971
"909","Sph",872,6.33559183574058
"910","Sph",873,6.32713461573908
"911","Sph",874,6.31912354863297
"912","Sph",875,6.31156568177439
"913","Sph",876,6.30446771271613
"914","Sph",877,6.29783591639693
"915","Sph",878,6.29167607187872
"916","Sph",879,6.28599338863
"917","Sph",880,6.28079243234951
"918","Sph",881,6.27607705032532
"919","Sph",882,6.27185029632485
"920","Sph",883,6.26811435501216
"921","Sph",884,6.26487046588946
"922","Sph",885,6.26211884676092
"923","Sph",886,6.25985861671748
"924","Sph",887,6.25808771864248
"925","Sph",888,6.25680284123912
"926","Sph",889,6.25599934058166
"927","Sph",890,6.25567116119373
"928","Sph",891,6.25581075665824
"929","Sph",892,6.25640902832372
"930","Sph",893,6.25745533779096
"931","Sph",894,6.2589376303066
"932","Sph",895,6.26084263195614
"933","Sph",896,6.26315606499162
"934","Sph",897,6.26586286274784
"935","Sph",898,6.26894738416108
"936","Sph",899,6.27239362790466
"937","Sph",900,6.27618544615678
"938","Sph",901,6.28030674822417
"939","Sph",902,6.28474166466257
"940","Sph",903,6.2894746523261
"941","Sph",904,6.29449055994445
"942","Sph",905,6.29977468361774
"943","Sph",906,6.30531282203545
"944","Sph",907,6.31109133143383
"945","Sph",908,6.31709718030545
"946","Sph",909,6.3233179979948
"947","Sph",910,6.32974209955396
"948","Sph",911,6.33635847511155
"949","Sph",912,6.34315675552515
"950","Sph",913,6.35012717196667
"951","Sph",914,6.35726051533012
"952","Sph",915,6.36454809547132
"953","Sph",916,6.37198170028873
"954","Sph",917,6.37955355465364
"955","Sph",918,6.38725627968751
"956","Sph",919,6.39508285386263
"957","Sph",920,6.40302657691256
"958","Sph",921,6.41108103558003
"959","Sph",922,6.4192400697401
"960","Sph",923,6.42749773841531
"961","Sph",924,6.43584828568878
"962","Sph",925,6.44428610652121
"963","Sph",926,6.45280571247719
"964","Sph",927,6.46140169736647
"965","Sph",928,6.4700687028055
"966","Sph",929,6.47880138370451
"967","Sph",930,6.4875943760861
"968","Sph",931,6.49644227444255
"969","Sph",932,6.50533962343867
"970","Sph",933,6.51428091916386
"971","Sph",934,6.52326061273674
"972","Sph",935,6.53227311386701
"973","Sph",936,6.54131279437984
"974","Sph",937,6.55037399170839
"975","Sph",938,6.55945101235982
"976","Sph",939,6.56853813536034
"977","Sph",940,6.5776296156849
"978","Sph",941,6.58671969008673
"979","Sph",942,6.59580259256183
"980","Sph",943,6.6048725842732
"981","Sph",944,6.61392399312129
"982","Sph",945,6.62295125573664
"983","Sph",946,6.63194895949059
"984","Sph",947,6.64091188452952
"985","Sph",948,6.64983504583767
"986","Sph",949,6.65871373533386
"987","Sph",950,6.66754356400673
"988","Sph",951,6.67632050409322
"989","Sph",952,6.68504093130444
"990","Sph",953,6.69370166275328
"991","Sph",954,6.70229997753819
"992","Sph",955,6.71083361128708
"993","Sph",956,6.7193007333632
"994","Sph",957,6.72769991978412
"995","Sph",958,6.73603012620541
"996","Sph",959,6.74429066097029
"997","Sph",960,6.75248115822631
"998","Sph",961,6.76060155110977
"999","Sph",962,6.76865204499827
"1000","Sph",963,6.77663309083139
"1001","Sph",964,6.78454535849941
"1002","Sph",965,6.79238971441295
"1003","Sph",966,6.8001672155932
"1004","Sph",967,6.80787912850866
"1005","Sph",968,6.81552696443055
"1006","Sph",969,6.82311251896542
"1007","Sph",970,6.83063791165007
"1008","Sph",971,6.83810562560696
"1009","Sph",972,6.84551854725815
"1010","Sph",973,6.85288000609513
"1011","Sph",974,6.86019381450192
"1012","Sph",975,6.86746430762804
"1013","Sph",976,6.87469637362354
"1014","Sph",977,6.88189544517961
"1015","Sph",978,6.88906743300167
"1016","Sph",979,6.89621862057798
"1017","Sph",980,6.9033555492904
"1018","Sph",981,6.91048490354523
"1019","Sph",982,6.91761339591791
"1020","Sph",983,6.92474765230511
"1021","Sph",984,6.93189409707761
"1022","Sph",985,6.93905883822778
"1023","Sph",986,6.94624755250525
"1024","Sph",987,6.953465370535
"1025","Sph",988,6.96071677024348
"1026","Sph",989,6.96800550358105
"1027","Sph",990,6.97533457319885
"1028","Sph",991,6.98270624241394
"1029","Sph",992,6.99012205346671
"1030","Sph",993,6.99758284573711
"1031","Sph",994,7.00508877391818
"1032","Sph",995,7.01263932614613
"1033","Sph",996,7.02023334208672
"1034","Sph",997,7.02786903097848
"1035","Sph",998,7.03554398963393
"1036","Sph",999,7.04325522040045
"1037","Sph",1000,7.05099914908317
"1038","Sph",1001,7.05877164400935
"1039","Sph",1002,7.06656803976739
"1040","Sph",1003,7.07438316797747
"1041","Sph",1004,7.08221139274534
"1042","Sph",1005,7.09004664727467
"1043","Sph",1006,7.09788247046678
"1044","Sph",1007,7.10571204351378
"1045","Sph",1008,7.11352822649129
"1046","Sph",1009,7.12132359495738
"1047","Sph",1010,7.12909047656481
"1048","Sph",1011,7.13682098769352
"1049","Sph",1012,7.1445070701111
"1050","Sph",1013,7.1521405276687
"1051","Sph",1014,7.15971306233032
"1052","Sph",1015,7.16721630741302
"1053","Sph",1016,7.1746418566262
"1054","Sph",1017,7.18198129033798
"1055","Sph",1018,7.18922620120738
"1056","Sph",1019,7.19636821990028
"1057","Sph",1020,7.20339904089751
"1058","Sph",1021,7.21031044840318
"1059","Sph",1022,7.21709434236133
"1060","Sph",1023,7.22374276458879
"1061","Sph",1024,7.23024792503237
"1062","Sph",1025,7.23660222815784
"1063","Sph",1026,7.24279829947848
"1064","Sph",1027,7.24882901309221
"1065","Sph",1028,7.25468752281934
"1066","Sph",1029,7.26036729867149
"1067","Sph",1030,7.26586216693474
"1068","Sph",1031,7.27116635128842
"1069","Sph",1032,7.27627451410392
"1070","Sph",1033,7.28118179792913
"1071","Sph",1034,7.28588386716355
"1072","Sph",1035,7.29037694992897
"1073","Sph",1036,7.2946578801398
"1074","Sph",1037,7.29872413977674
"1075","Sph",1038,7.30257390136692
"1076","Sph",1039,7.30620607067277
"1077","Sph",1040,7.30962032446927
"1078","Sph",1041,7.31281712804356
"1079","Sph",1042,7.31579772217255
"1080","Sph",1043,7.31856408982292
"1081","Sph",1044,7.32111891793891
"1082","Sph",1045,7.32346555943871
"1083","Sph",1046,7.32560799541653
"1084","Sph",1047,7.32755079754727
"1085","Sph",1048,7.32929909068988
"1086","Sph",1049,7.33085851568494
"1087","Sph",1050,7.33223519234159
"1088","Sph",1051,7.3334356826082
"1089","Sph",1052,7.33446694823893
"1090","Sph",1053,7.33533628590379
"1091","Sph",1054,7.33605122837153
"1092","Sph",1055,7.33661942312212
"1093","Sph",1056,7.3370485054278
"1094","Sph",1057,7.33734597157692
"1095","Sph",1058,7.33751905223361
"1096","Sph",1059,7.33757458592563
"1097","Sph",1060,7.33751889265379
"1098","Sph",1061,7.33735764761605
"1099","Sph",1062,7.33709575504032
"1100","Sph",1063,7.33673722212056
"1101","Sph",1064,7.33628503305132
"1102","Sph",1065,7.33574102315696
"1103","Sph",1066,7.33510575311271
"1104","Sph",1067,7.33437840084902
"1105","Sph",1068,7.33355672391829
"1106","Sph",1069,7.33263712751127
"1107","Sph",1070,7.33161480293886
"1108","Sph",1071,7.33048388380306
"1109","Sph",1072,7.32923760226856
"1110","Sph",1073,7.32786844544064
"1111","Sph",1074,7.32636831185573
"1112","Sph",1075,7.32472866809211
"1113","Sph",1076,7.32294070550836
"1114","Sph",1077,7.32099549711792
"1115","Sph",1078,7.31888415460822
"1116","Sph",1079,7.31659798551303
"1117","Sph",1080,7.31412865054655
"1118","Sph",1081,7.31146832110778
"1119","Sph",1082,7.30860982588288
"1120","Sph",1083,7.30554675331294
"1121","Sph",1084,7.3022734877738
"1122","Sph",1085,7.29878520163431
"1123","Sph",1086,7.29507783643895
"1124","Sph",1087,7.29114808429957
"1125","Sph",1088,7.28699336950028
"1126","Sph",1089,7.2826118303186
"1127","Sph",1090,7.27800230106556
"1128","Sph",1091,7.27316429434641
"1129","Sph",1092,7.26809798354321
"1130","Sph",1093,7.26280418551968
"1131","Sph",1094,7.25728434354822
"1132","Sph",1095,7.25154051045829
"1133","Sph",1096,7.2455753320048
"1134","Sph",1097,7.23939203045437
"1135","Sph",1098,7.23299438838705
"1136","Sph",1099,7.22638673271036
"1137","Sph",1100,7.21957391888178
"1138","Sph",1101,7.2125613153358
"1139","Sph",1102,7.20535478811047
"1140","Sph",1103,7.19796068566845
"1141","Sph",1104,7.19038582390685
"1142","Sph",1105,7.18263747134948
"1143","Sph",1106,7.17472333451514
"1144","Sph",1107,7.16665154345467
"1145","Sph",1108,7.15843063744938
"1146","Sph",1109,7.15006955086287
"1147","Sph",1110,7.1415775938598
"1148","Sph",1111,7.13296441214842
"1149","Sph",1112,7.12423991518143
"1150","Sph",1113,7.11541418336218
"1151","Sph",1114,7.10649737008111
"1152","Sph",1115,7.09749960385072
"1153","Sph",1116,7.08843089052943
"1154","Sph",1117,7.07930101562422
"1155","Sph",1118,7.07011944666271
"1156","Sph",1119,7.06089523562475
"1157","Sph",1120,7.05163692142483
"1158","Sph",1121,7.04235243243609
"1159","Sph",1122,7.03304898904799
"1160","Sph",1123,7.02373300624975
"1161","Sph",1124,7.01440999623273
"1162","Sph",1125,7.00508447100536
"1163","Sph",1126,6.9957598450155
"1164","Sph",1127,6.98643833777577
"1165","Sph",1128,6.97712089096686
"1166","Sph",1129,6.96780714345187
"1167","Sph",1130,6.95849549315723
"1168","Sph",1131,6.94918321686411
"1169","Sph",1132,6.93986660447655
"1170","Sph",1133,6.93054109329075
"1171","Sph",1134,6.92120140226897
"1172","Sph",1135,6.91184166632245
"1173","Sph",1136,6.90245557060847
"1174","Sph",1137,6.89303648484709
"1175","Sph",1138,6.8835775976638
"1176","Sph",1139,6.8740720509644
"1177","Sph",1140,6.86451307434858
"1178","Sph",1141,6.85489411956909
"1179","Sph",1142,6.84520899504273
"1180","Sph",1143,6.83545200041967
"1181","Sph",1144,6.825618061217
"1182","Sph",1145,6.815702863522
"1183","Sph",1146,6.80570298876999
"1184","Sph",1147,6.795616048601
"1185","Sph",1148,6.7854408044038
"1186","Sph",1149,6.77517722536612
"1187","Sph",1150,6.76482645424297
"1188","Sph",1151,6.75439071163235
"1189","Sph",1152,6.74387318494077
"1190","Sph",1153,6.73327791743118
"1191","Sph",1154,6.72260969735014
"1192","Sph",1155,6.71187394713033
"1193","Sph",1156,6.70107661266392
"1194","Sph",1157,6.69022405264145
"1195","Sph",1158,6.67932292795049
"1196","Sph",1159,6.66838009112801
"1197","Sph",1160,6.65740247585994
"1198","Sph",1161,6.64639698652139
"1199","Sph",1162,6.6353703877507
"1200","Sph",1163,6.62432919405077
"1201","Sph",1164,6.61327955941108
"1202","Sph",1165,6.60222716694408
"1203","Sph",1166,6.59117712674286
"1204","Sph",1167,6.58013390659304
"1205","Sph",1168,6.56910131195956
"1206","Sph",1169,6.55808249881834
"1207","Sph",1170,6.54707999469078
"1208","Sph",1171,6.53609571966512
"1209","Sph",1172,6.52513100740215
"1210","Sph",1173,6.51418662612357
"1211","Sph",1174,6.50326279958138
"1212","Sph",1175,6.4923592280079
"1213","Sph",1176,6.48147510904593
"1214","Sph",1177,6.47060915865939
"1215","Sph",1178,6.45975963202533
"1216","Sph",1179,6.44892434440838
"1217","Sph",1180,6.43810069201947
"1218","Sph",1181,6.4272856728608
"1219","Sph",1182,6.41647590755979
"1220","Sph",1183,6.40566766019466
"1221","Sph",1184,6.39485685911519
"1222","Sph",1185,6.38403911776205
"1223","Sph",1186,6.3732097554889
"1224","Sph",1187,6.36236381839125
"1225","Sph",1188,6.35149610014692
"1226","Sph",1189,6.34060116287268
"1227","Sph",1190,6.32967335800222
"1228","Sph",1191,6.31870684719083
"1229","Sph",1192,6.30769562325213
"1230","Sph",1193,6.29663353113259
"1231","Sph",1194,6.28551428892976
"1232","Sph",1195,6.27433150896004
"1233","Sph",1196,6.26307871888227
"1234","Sph",1197,6.25174938288322
"1235","Sph",1198,6.24033692293132
"1236","Sph",1199,6.22883474010509
"1237","Sph",1200,6.21723623600244
"1238","Sph",1201,6.20553483423752
"1239","Sph",1202,6.19372400203133
"1240","Sph",1203,6.18179727190263
"1241","Sph",1204,6.16974826346541
"1242","Sph",1205,6.15757070533927
"1243","Sph",1206,6.14525845717891
"1244","Sph",1207,6.13280553182875
"1245","Sph",1208,6.12020611760883
"1246","Sph",1209,6.10745460073758
"1247","Sph",1210,6.09454558789734
"1248","Sph",1211,6.0814739289479
"1249","Sph",1212,6.06823473979344
"1250","Sph",1213,6.05482342540783
"1251","Sph",1214,6.04123570302296
"1252","Sph",1215,6.02746762548473
"1253","Sph",1216,6.0135156047807
"1254","Sph",1217,5.99937643574339
"1255","Sph",1218,5.98504731993249
"1256","Sph",1219,5.97052588969939
"1257","Sph",1220,5.95581023243647
"1258","Sph",1221,5.94089891501363
"1259","Sph",1222,5.92579100840379
"1260","Sph",1223,5.91048611249886
"1261","Sph",1224,5.89498438111694
"1262","Sph",1225,5.87928654720126
"1263","Sph",1226,5.86339394821059
"1264","Sph",1227,5.8473085517005
"1265","Sph",1228,5.831032981094
"1266","Sph",1229,5.81457054163985
"1267","Sph",1230,5.79792524655569
"1268","Sph",1231,5.78110184335308
"1269","Sph",1232,5.76410584034024
"1270","Sph",1233,5.74694353329799
"1271","Sph",1234,5.72962203232356
"1272","Sph",1235,5.71214928883593
"1273","Sph",1236,5.694534122736
"1274","Sph",1237,5.67678624333706
"1275","Sph",1238,5.65891624492724
"1276","Sph",1239,5.64093556420132
"1277","Sph",1240,5.6228564123048
"1278","Sph",1241,5.60469170060878
"1279","Sph",1242,5.58645496658053
"1280","Sph",1243,5.56816029973706
"1281","Sph",1244,5.54982226766862
"1282","Sph",1245,5.53145584211846
"1283","Sph",1246,5.51307632510459
"1284","Sph",1247,5.49469927506907
"1285","Sph",1248,5.47634043303995
"1286","Sph",1249,5.45801564879065
"1287","Sph",1250,5.43974080698165
"1288","Sph",1251,5.4215317532689
"1289","Sph",1252,5.40340422036358
"1290","Sph",1253,5.38537375402787
"1291","Sph",1254,5.36745563899133
"1292","Sph",1255,5.3496648247728
"1293","Sph",1256,5.33201585695159
"1294","Sph",1257,5.31452283054871
"1295","Sph",1258,5.29719937662115
"1296","Sph",1259,5.28005867093845
"1297","Sph",1260,5.26311344805272
"1298","Sph",1261,5.24637601519086
"1299","Sph",1262,5.22985826595642
"1300","Sph",1263,5.2135716938293
"1301","Sph",1264,5.19752740545149
"1302","Sph",1265,5.18173613368775
"1303","Sph",1266,5.16620825045047
"1304","Sph",1267,5.15095377927806
"1305","Sph",1268,5.13598240765688
"1306","Sph",1269,5.121303499077
"1307","Sph",1270,5.10692610481217
"1308","Sph",1271,5.092858975415
"1309","Sph",1272,5.07911057191847
"1310","Sph",1273,5.06568907673531
"1311","Sph",1274,5.05260240424685
"1312","Sph",1275,5.03985821107356
"1313","Sph",1276,5.02746390601939
"1314","Sph",1277,5.01542665968253
"1315","Sph",1278,5.00375341372539
"1316","Sph",1279,4.99245088979671
"1317","Sph",1280,4.98152559809911
"1318","Sph",1281,4.97098384559557
"1319","Sph",1282,4.96083174384831
"1320","Sph",1283,4.95107521648415
"1321","Sph",1284,4.94172000628023
"1322","Sph",1285,4.93277168186436
"1323","Sph",1286,4.92423564402444
"1324","Sph",1287,4.91611713162143
"1325","Sph",1288,4.90842122710078
"1326","Sph",1289,4.90115286159692
"1327","Sph",1290,4.89431681962618
"1328","Sph",1291,4.88791774336313
"1329","Sph",1292,4.8819601364957
"1330","Sph",1293,4.87644836765463
"1331","Sph",1294,4.87138667341276
"1332","Sph",1295,4.86677916085005
"1333","Sph",1296,4.86262980967998
"1334","Sph",1297,4.85894247393352
"1335","Sph",1298,4.85572088319676
"1336","Sph",1299,4.85296864339833
"1337","Sph",1300,4.8506892371431
"1338","Sph",1301,4.84888602358858
"1339","Sph",1302,4.84756223786067
"1340","Sph",1303,4.84672099000543
"1341","Sph",1304,4.84636526347375
"1342","Sph",1305,4.84649791313597
"1343","Sph",1306,4.84712166282333
"1344","Sph",1307,4.84823910239373
"1345","Sph",1308,4.84985268431895
"1346","Sph",1309,4.85196471979089
"1347","Sph",1310,4.85457737434447
"1348","Sph",1311,4.85769266299485
"1349","Sph",1312,4.86131244488694
"1350","Sph",1313,4.86543841751383
"1351","Sph",1314,4.87007211067814
"1352","Sph",1315,4.87521488031191
"1353","Sph",1316,4.88086790203618
"1354","Sph",1317,4.88703216428339
"1355","Sph",1318,4.89370846092249
"1356","Sph",1319,4.90089738338612
"1357","Sph",1320,4.90859931229891
"1358","Sph",1321,4.91681440860637
"1359","Sph",1322,4.92554260420399
"1360","Sph",1323,4.93478359206649
"1361","Sph",1324,4.9445368158771
"1362","Sph",1325,4.9548014591574
"1363","Sph",1326,4.96557643389812
"1364","Sph",1327,4.97686036869169
"1365","Sph",1328,4.98865159636773
"1366","Sph",1329,5.00094814113273
"1367","Sph",1330,5.01374770521551
"1368","Sph",1331,5.02704765502053
"1369","Sph",1332,5.04084500679116
"1370","Sph",1333,5.05513641178558
"1371","Sph",1334,5.06991814096815
"1372","Sph",1335,5.08518606921957
"1373","Sph",1336,5.10093565906944
"1374","Sph",1337,5.11716194395531
"1375","Sph",1338,5.13385951101253
"1376","Sph",1339,5.15102248339987
"1377","Sph",1340,5.16864450216616
"1378","Sph",1341,5.1867187076636
"1379","Sph",1342,5.20523772051409
"1380","Sph",1343,5.22419362213512
"1381","Sph",1344,5.24357793483258
"1382","Sph",1345,5.26338160146808
"1383","Sph",1346,5.28359496470911
"1384","Sph",1347,5.30420774587086
"1385","Sph",1348,5.3252090233592
"1386","Sph",1349,5.34658721072464
"1387","Sph",1350,5.36833003433822
"1388","Sph",1351,5.39042451070032
"1389","Sph",1352,5.41285692728897
"1390","Sph",1353,5.43561283864308
"1391","Sph",1354,5.45867708548277
"1392","Sph",1355,5.48203382909212
"1393","Sph",1356,5.50566658929619
"1394","Sph",1357,5.5295582821533
"1395","Sph",1358,5.55369125737859
"1396","Sph",1359,5.57804733551571
"1397","Sph",1360,5.6026078448735
"1398","Sph",1361,5.62735365824558
"1399","Sph",1362,5.652265229431
"1400","Sph",1363,5.67732262957446
"1401","Sph",1364,5.70250558334522
"1402","Sph",1365,5.72779350497416
"1403","Sph",1366,5.75316553416849
"1404","Sph",1367,5.77860057192449
"1405","Sph",1368,5.80407731625827
"1406","Sph",1369,5.82957429787535
"1407","Sph",1370,5.85506991579954
"1408","Sph",1371,5.88054247298231
"1409","Sph",1372,5.90597021191347
"1410","Sph",1373,5.93133135025431
"1411","Sph",1374,5.95660411651452
"1412","Sph",1375,5.98176678579389
"1413","Sph",1376,6.00679771561021
"1414","Sph",1377,6.03167538183432
"1415","Sph",1378,6.0563784147535
"1416","Sph",1379,6.08088563528418
"1417","Sph",1380,6.10517609135461
"1418","Sph",1381,6.12922909447834
"1419","Sph",1382,6.15302425653868
"1420","Sph",1383,6.17654152680452
"1421","Sph",1384,6.19976122919706
"1422","Sph",1385,6.22266409982733
"1423","Sph",1386,6.24523132482327
"1424","Sph",1387,6.26744457846549
"1425","Sph",1388,6.28928606164971
"1426","Sph",1389,6.31073854069398
"1427","Sph",1390,6.33178538650773
"1428","Sph",1391,6.35241061413976
"1429","Sph",1392,6.37259891965
"1430","Sph",1393,6.39233570510796
"1431","Sph",1394,6.41160708559048
"1432","Sph",1395,6.43039988433528
"1433","Sph",1396,6.44870162527655
"1434","Sph",1397,6.46650052604661
"1435","Sph",1398,6.4837854914557
"1436","Sph",1399,6.5005461074614
"1437","Sph",1400,6.5167726356385
"1438","Sph",1401,6.53245600815951
"1439","Sph",1402,6.5475878232952
"1440","Sph",1403,6.56216034144416
"1441","Sph",1404,6.57616648169937
"1442","Sph",1405,6.58959981895954
"1443","Sph",1406,6.60245458159198
"1444","Sph",1407,6.61472564965323
"1445","Sph",1408,6.62640855367326
"1446","Sph",1409,6.63749947400803
"1447","Sph",1410,6.64799524076486
"1448","Sph",1411,6.65789333430435
"1449","Sph",1412,6.66719188632186
"1450","Sph",1413,6.67588968151111
"1451","Sph",1414,6.6839861598116
"1452","Sph",1415,6.69148141924114
"1453","Sph",1416,6.69837621931397
"1454","Sph",1417,6.70467198504442
"1455","Sph",1418,6.71037081153528
"1456","Sph",1419,6.71547546914961
"1457","Sph",1420,6.71998940926385
"1458","Sph",1421,6.7239167705996
"1459","Sph",1422,6.7272623861306
"1460","Sph",1423,6.73003179056103
"1461","Sph",1424,6.73223122837025
"1462","Sph",1425,6.73386766241868
"1463","Sph",1426,6.73494878310878
"1464","Sph",1427,6.73548301809416
"1465","Sph",1428,6.7354795425295
"1466","Sph",1429,6.73494828985302
"1467","Sph",1430,6.73389995914236
"1468","Sph",1431,6.73234600718404
"1469","Sph",1432,6.73029861734565
"1470","Sph",1433,6.72777065314013
"1471","Sph",1434,6.7247756083203
"1472","Sph",1435,6.72132755744141
"1473","Sph",1436,6.71744110687853
"1474","Sph",1437,6.7131313462851
"1475","Sph",1438,6.70841380047839
"1476","Sph",1439,6.70330438173732
"1477","Sph",1440,6.6978193424973
"1478","Sph",1441,6.69197522842687
"1479","Sph",1442,6.68578883187019
"1480","Sph",1443,6.6792771456392
"1481","Sph",1444,6.67245731713935
"1482","Sph",1445,6.66534660281208
"1483","Sph",1446,6.65796232287762
"1484","Sph",1447,6.65032181636113
"1485","Sph",1448,6.64244239638544
"1486","Sph",1449,6.63434130571342
"1487","Sph",1450,6.62603567252323
"1488","Sph",1451,6.61754246639963
"1489","Sph",1452,6.60887845710972
"1490","Sph",1453,6.600060183902
"1491","Sph",1454,6.59110394048257
"1492","Sph",1455,6.58202577048208
"1493","Sph",1456,6.57284146564247
"1494","Sph",1457,6.56356656412252
"1495","Sph",1458,6.55421634890704
"1496","Sph",1459,6.54480584630436
"1497","Sph",1460,6.53534982451744
"1498","Sph",1461,6.52586279227376
"1499","Sph",1462,6.51635899749976
"1500","Sph",1463,6.50685242602555
"1501","Sph",1464,6.49735680030618
"1502","Sph",1465,6.48788557814564
"1503","Sph",1466,6.47845195141042
"1504","Sph",1467,6.46906884471929
"1505","Sph",1468,6.45974891409677
"1506","Sph",1469,6.4505045455773
"1507","Sph",1470,6.44134785374811
"1508","Sph",1471,6.43229068021856
"1509","Sph",1472,6.42334459200419
"1510","Sph",1473,6.41452087981388
"1511","Sph",1474,6.40583055622898
"1512","Sph",1475,6.39728435376327
"1513","Sph",1476,6.38889272279311
"1514","Sph",1477,6.38066582934731
"1515","Sph",1478,6.37261355274645
"1516","Sph",1479,6.36474548308192
"1517","Sph",1480,6.35707091852486
"1518","Sph",1481,6.34959886245583
"1519","Sph",1482,6.34233802040598
"1520","Sph",1483,6.33529679680113
"1521","Sph",1484,6.32848329150012
"1522","Sph",1485,6.32190529611935
"1523","Sph",1486,6.31557029013554
"1524","Sph",1487,6.30948543675921
"1525","Sph",1488,6.3036575785715
"1526","Sph",1489,6.29809323291741
"1527","Sph",1490,6.29279858704879
"1528","Sph",1491,6.28777949301067
"1529","Sph",1492,6.28304146226505
"1530","Sph",1493,6.27858966004627
"1531","Sph",1494,6.27442889944269
"1532","Sph",1495,6.2705636351997
"1533","Sph",1496,6.26699795723923
"1534","Sph",1497,6.26373558389153
"1535","Sph",1498,6.26077985483525
"1536","Sph",1499,6.25813372374211
"1537","Sph",1500,6.25579975062298
"1538","Sph",1501,6.25378009387248
"1539","Sph",1502,6.25207650200959
"1540","Sph",1503,6.25069030511221
"1541","Sph",1504,6.24962240594394
"1542","Sph",1505,6.24887327077177
"1543","Sph",1506,6.24844291987383
"1544","Sph",1507,6.24833091773684
"1545","Sph",1508,6.248536362943
"1546","Sph",1509,6.24905787774704
"1547","Sph",1510,6.24989359734411
"1548","Sph",1511,6.25104115882995
"1549","Sph",1512,6.2524976898551
"1550","Sph",1513,6.25425980204676
"1551","Sph",1514,6.25632360441465
"1552","Sph",1515,6.25868474688654
"1553","Sph",1516,6.26133848383496
"1554","Sph",1517,6.26427974238549
"1555","Sph",1518,6.26750319044019
"1556","Sph",1519,6.27100330442086
"1557","Sph",1520,6.27477443673759
"1558","Sph",1521,6.27881088298767
"1559","Sph",1522,6.28310694889045
"1560","Sph",1523,6.28765701696375
"1561","Sph",1524,6.29245561294713
"1562","Sph",1525,6.29749747197772
"1563","Sph",1526,6.30277760452371
"1564","Sph",1527,6.30829136208065
"1565","Sph",1528,6.31403450263543
"1566","Sph",1529,6.32000325590247
"1567","Sph",1530,6.32619438833606
"1568","Sph",1531,6.33260526792269
"1569","Sph",1532,6.33923392875633
"1570","Sph",1533,6.34607912599048
"1571","Sph",1534,6.35314035294221
"1572","Sph",1535,6.36041780153171
"1573","Sph",1536,6.36791228487574
"1574","Sph",1537,6.37562515026101
"1575","Sph",1538,6.38355819190606
"1576","Sph",1539,6.39171356350994
"1577","Sph",1540,6.4000936905863
"1578","Sph",1541,6.40870118258059
"1579","Sph",1542,6.4175387447683
"1580","Sph",1543,6.42660908993149
"1581","Sph",1544,6.43591484981119
"1582","Sph",1545,6.44545848633303
"1583","Sph",1546,6.45524220260347
"1584","Sph",1547,6.46526785367452
"1585","Sph",1548,6.47553685707453
"1586","Sph",1549,6.48605010310354
"1587","Sph",1550,6.49680786489179
"1588","Sph",1551,6.50780970822042
"1589","Sph",1552,6.5190544011044
"1590","Sph",1553,6.53053982313788
"1591","Sph",1554,6.54226288356657
"1592","Sph",1555,6.55421947497835
"1593","Sph",1556,6.56640448054161
"1594","Sph",1557,6.5788118168689
"1595","Sph",1558,6.59143448562159
"1596","Sph",1559,6.6042646248984
"1597","Sph",1560,6.61729356041447
"1598","Sph",1561,6.63051185647866
"1599","Sph",1562,6.64390936677757
"1600","Sph",1563,6.65747528497533
"1601","Sph",1564,6.67119819513909
"1602","Sph",1565,6.68506612200077
"1603","Sph",1566,6.69906658106603
"1604","Sph",1567,6.71318662858222
"1605","Sph",1568,6.72741291137743
"1606","Sph",1569,6.74173171658314
"1607","Sph",1570,6.75612902125363
"1608","Sph",1571,6.77059054189531
"1609","Sph",1572,6.78510178391971
"1610","Sph",1573,6.79964809115404
"1611","Sph",1574,6.8142146957835
"1612","Sph",1575,6.82878676897976
"1613","Sph",1576,6.84334947198974
"1614","Sph",1577,6.85788800733919
"1615","Sph",1578,6.87238767004529
"1616","Sph",1579,6.88683389885288
"1617","Sph",1580,6.90121232750836
"1618","Sph",1581,6.91550883608567
"1619","Sph",1582,6.92970960237812
"1620","Sph",1583,6.94380115337001
"1621","Sph",1584,6.95777041680127
"1622","Sph",1585,6.97160477283838
"1623","Sph",1586,6.98529210586422
"1624","Sph",1587,6.99882085639911
"1625","Sph",1588,7.01218007316487
"1626","Sph",1589,7.02535946530311
"1627","Sph",1590,7.03834944996824
"1628","Sph",1591,7.05114118093525
"1629","Sph",1592,7.06372654865113
"1630","Sph",1593,7.0760981613189
"1631","Sph",1594,7.08824932139237
"1632","Sph",1595,7.1001740022787
"1633","Sph",1596,7.1118668252556
"1634","Sph",1597,7.1233230366088
"1635","Sph",1598,7.13453848499516
"1636","Sph",1599,7.14550959903607
"1637","Sph",1600,7.15623336514516
"1638","Sph",1601,7.16670730559377
"1639","Sph",1602,7.17692945681726
"1640","Sph",1603,7.18689834796446
"1641","Sph",1604,7.19661297969222
"1642","Sph",1605,7.20607280320649
"1643","Sph",1606,7.21527769955103
"1644","Sph",1607,7.22422795914406
"1645","Sph",1608,7.23292426156324
"1646","Sph",1609,7.24136765557849
"1647","Sph",1610,7.24955953943213
"1648","Sph",1611,7.25750164136532
"1649","Sph",1612,7.26519600038931
"1650","Sph",1613,7.27264494677118
"1651","Sph",1614,7.27985108064506
"1652","Sph",1615,7.28681724768916
"1653","Sph",1616,7.29354651292353
"1654","Sph",1617,7.30004213421271
"1655","Sph",1618,7.30630753599911
"1656","Sph",1619,7.31234628326398
"1657","Sph",1620,7.31816205571264
"1658","Sph",1621,7.32375862218051
"1659","Sph",1622,7.32913981525634
"1660","Sph",1623,7.33430950611904
"1661","Sph",1624,7.33927157958437
"1662","Sph",1625,7.34402990935762
"1663","Sph",1626,7.34858833348873
"1664","Sph",1627,7.35295063002586
"1665","Sph",1628,7.35712049286379
"1666","Sph",1629,7.36110150778355
"1667","Sph",1630,7.3648971286795
"1668","Sph",1631,7.36851065397057
"1669","Sph",1632,7.37194520319219
"1670","Sph",1633,7.37520369376578
"1671","Sph",1634,7.37828882073814
"1672","Sph",1635,7.38120304787465
"1673","Sph",1636,7.3839486156944
"1674","Sph",1637,7.38652756085398
"1675","Sph",1638,7.38894173849122
"1676","Sph",1639,7.39119284473144
"1677","Sph",1640,7.39328243935417
"1678","Sph",1641,7.39521196861905
"1679","Sph",1642,7.39698278824895
"1680","Sph",1643,7.39859618656926
"1681","Sph",1644,7.40005340780181
"1682","Sph",1645,7.40135567551215
"1683","Sph",1646,7.40250421620912
"1684","Sph",1647,7.40350028309532
"1685","Sph",1648,7.40434517996743
"1686","Sph",1649,7.40504028526502
"1687","Sph",1650,7.40558707626667
"1688","Sph",1651,7.40598715343195
"1689","Sph",1652,7.40624226488794
"1690","Sph",1653,7.40635433105853
"1691","Sph",1654,7.40632546943499
"1692","Sph",1655,7.40615801948579
"1693","Sph",1656,7.4058545677036
"1694","Sph",1657,7.40541797077329
"1695","Sph",1658,7.40485137081638
"1696","Sph",1659,7.40415819868121
"1697","Sph",1660,7.40334216930375
"1698","Sph",1661,7.4024072751776
"1699","Sph",1662,7.40135777994361
"1700","Sph",1663,7.40019821209512
"1701","Sph",1664,7.39893335879483
"1702","Sph",1665,7.39756825979875
"1703","Sph",1666,7.39610820148257
"1704","Sph",1667,7.39455871096573
"1705","Sph",1668,7.39292555032773
"1706","Sph",1669,7.39121471091161
"1707","Sph",1670,7.38943240770878
"1708","Sph",1671,7.38758507381942
"1709","Sph",1672,7.38567935498247
"1710","Sph",1673,7.38372210416882
"1711","Sph",1674,7.38172037623133
"1712","Sph",1675,7.37968142260494
"1713","Sph",1676,7.37761268605003
"1714","Sph",1677,7.375521795432
"1715","Sph",1678,7.37341656052969
"1716","Sph",1679,7.37130496686539
"1717","Sph",1680,7.36919517054871
"1718","Sph",1681,7.36709548953168
"1719","Sph",1682,7.36501438048269
"1720","Sph",1683,7.36296039408138
"1721","Sph",1684,7.36094211591602
"1722","Sph",1685,7.3589681037596
"1723","Sph",1686,7.35704682481112
"1724","Sph",1687,7.3551865928938
"1725","Sph",1688,7.35339550560201
"1726","Sph",1689,7.35168138138875
"1727","Sph",1690,7.35005169658598
"1728","Sph",1691,7.34851352235005
"1729","Sph",1692,7.34707346152506
"1730","Sph",1693,7.34573758541736
"1731","Sph",1694,7.34451137047456
"1732","Sph",1695,7.34339963486346
"1733","Sph",1696,7.34240647494131
"1734","Sph",1697,7.34153520161602
"1735","Sph",1698,7.34078827659108
"1736","Sph",1699,7.34016724849216
"1737","Sph",1700,7.33967268887308
"1738","Sph",1701,7.33930414001915
"1739","Sph",1702,7.339060110307
"1740","Sph",1703,7.33893814096037
"1741","Sph",1704,7.33893492036427
"1742","Sph",1705,7.33904641018019
"1743","Sph",1706,7.33926797134606
"1744","Sph",1707,7.33959448996466
"1745","Sph",1708,7.34002050308507
"1746","Sph",1709,7.34054032438193
"1747","Sph",1710,7.34114816973799
"1748","Sph",1711,7.34183828273516
"1749","Sph",1712,7.34260506005987
"1750","Sph",1713,7.34344317682817
"1751","Sph",1714,7.34434771183594
"1752","Sph",1715,7.34531427273949
"1753","Sph",1716,7.34633912117109
"1754","Sph",1717,7.3474192977938
"1755","Sph",1718,7.34855274729909
"1756","Sph",1719,7.34973844335012
"1757","Sph",1720,7.35097649884163
"1758","Sph",1721,7.35226821758443
"1759","Sph",1722,7.35361605815232
"1760","Sph",1723,7.35502353915225
"1761","Sph",1724,7.3564951298083
"1762","Sph",1725,7.35803614048706
"1763","Sph",1726,7.35965261316013
"1764","Sph",1727,7.36135121179863
"1765","Sph",1728,7.36313911269388
"1766","Sph",1729,7.36502389469778
"1767","Sph",1730,7.36701342937602
"1768","Sph",1731,7.36911577106671
"1769","Sph",1732,7.37133904683686
"1770","Sph",1733,7.37369134632889
"1771","Sph",1734,7.37618061148936
"1772","Sph",1735,7.37881452617201
"1773","Sph",1736,7.38160040560746
"1774","Sph",1737,7.3845450857322
"1775","Sph",1738,7.3876548204206
"1776","Sph",1739,7.3909352107663
"1777","Sph",1740,7.39439118250877
"1778","Sph",1741,7.39802699549764
"1779","Sph",1742,7.40184626103729
"1780","Sph",1743,7.40585195905641
"1781","Sph",1744,7.41004645509921
"1782","Sph",1745,7.41443151713524
"1783","Sph",1746,7.41900833218546
"1784","Sph",1747,7.42377752276303
"1785","Sph",1748,7.42873916312742
"1786","Sph",1749,7.43389279535141
"1787","Sph",1750,7.43923744520076
"1788","Sph",1751,7.44477163782709
"1789","Sph",1752,7.4504934132749
"1790","Sph",1753,7.45640034180405
"1791","Sph",1754,7.46248953902978
"1792","Sph",1755,7.46875768088248
"1793","Sph",1756,7.47520101839008
"1794","Sph",1757,7.48181539228629
"1795","Sph",1758,7.48859624695786
"1796","Sph",1759,7.49553864226373
"1797","Sph",1760,7.5026372622494
"1798","Sph",1761,7.50988642174248
"1799","Sph",1762,7.51728007230565
"1800","Sph",1763,7.52481180804317
"1801","Sph",1764,7.53247487126678
"1802","Sph",1765,7.54026215802715
"1803","Sph",1766,7.54816622351761
"1804","Sph",1767,7.55617928735694
"1805","Sph",1768,7.56429323875861
"1806","Sph",1769,7.57249964159386
"1807","Sph",1770,7.58078973935674
"1808","Sph",1771,7.58915446003914
"1809","Sph",1772,7.59758442092451
"1810","Sph",1773,7.6060699333089
"1811","Sph",1774,7.61460100715868
"1812","Sph",1775,7.62316735571423
"1813","Sph",1776,7.63175840004939
"1814","Sph",1777,7.64036327359667
"1815","Sph",1778,7.64897082969587
"1816","Sph",1779,7.65756966131864
"1817","Sph",1780,7.66614813907448
"1818","Sph",1781,7.67469446141456
"1819","Sph",1782,7.68319670790291
"1820","Sph",1783,7.69164289251889
"1821","Sph",1784,7.70002101700267
"1822","Sph",1785,7.70831912425537
"1823","Sph",1786,7.71652535180545
"1824","Sph",1787,7.72462798535308
"1825","Sph",1788,7.73261551240392
"1826","Sph",1789,7.74047667600377
"1827","Sph",1790,7.74820052858524
"1828","Sph",1791,7.75577648593741
"1829","Sph",1792,7.76319438130914
"1830","Sph",1793,7.77044451965619
"1831","Sph",1794,7.77751773204225
"1832","Sph",1795,7.78440543020312
"1833","Sph",1796,7.79109966128298
"1834","Sph",1797,7.79759316275114
"1835","Sph",1798,7.80387941750701
"1836","Sph",1799,7.80995270418213
"1837","Sph",1800,7.81580812765131
"1838","Sph",1801,7.82144161976216
"1839","Sph",1802,7.82684992028406
"1840","Sph",1803,7.83203055307489
"1841","Sph",1804,7.83698180246677
"1842","Sph",1805,7.84170268987325
"1843","Sph",1806,7.84619295061975
"1844","Sph",1807,7.85045301099801
"1845","Sph",1808,7.85448396554501
"1846","Sph",1809,7.85828755454579
"1847","Sph",1810,7.86186614175934
"1848","Sph",1811,7.86522269236554
"1849","Sph",1812,7.86836075113124
"1850","Sph",1813,7.87128442079227
"1851","Sph",1814,7.87399834064818
"1852","Sph",1815,7.87650766536554
"1853","Sph",1816,7.87881804398545
"1854","Sph",1817,7.88093559913009
"1855","Sph",1818,7.88286690640297
"1856","Sph",1819,7.88461897154219
"1857","Sph",1820,7.8861991980167
"1858","Sph",1821,7.88761534018943
"1859","Sph",1822,7.88887544690941
"1860","Sph",1823,7.88998780282898
"1861","Sph",1824,7.89096086987302
"1862","Sph",1825,7.89180322885193
"1863","Sph",1826,7.89252352121042
"1864","Sph",1827,7.89313039090353
"1865","Sph",1828,7.89363242639165
"1866","Sph",1829,7.89403810274604
"1867","Sph",1830,7.89435572385663
"1868","Sph",1831,7.89459336473369
"1869","Sph",1832,7.89475881389552
"1870","Sph",1833,7.89485951583415
"1871","Sph",1834,7.89490251355157
"1872","Sph",1835,7.89489439115924
"1873","Sph",1836,7.89484121653407
"1874","Sph",1837,7.89474848402445
"1875","Sph",1838,7.89462105720043
"1876","Sph",1839,7.89446311164282
"1877","Sph",1840,7.89427808310759
"1878","Sph",1841,7.89406863708541
"1879","Sph",1842,7.89383667043528
"1880","Sph",1843,7.8935833344073
"1881","Sph",1844,7.89330906302905
"1882","Sph",1845,7.89301360151308
"1883","Sph",1846,7.8926960346851
"1884","Sph",1847,7.89235481543324
"1885","Sph",1848,7.8919877931791
"1886","Sph",1849,7.8915922423721
"1887","Sph",1850,7.89116489100937
"1888","Sph",1851,7.89070194918356
"1889","Sph",1852,7.89019913766202
"1890","Sph",1853,7.88965171650081
"1891","Sph",1854,7.88905451369781
"1892","Sph",1855,7.88840195388955
"1893","Sph",1856,7.88768808709666
"1894","Sph",1857,7.88690661752353
"1895","Sph",1858,7.88605093241782
"1896","Sph",1859,7.88511413099601
"1897","Sph",1860,7.88408905344142
"1898","Sph",1861,7.88296831125819
"1899","Sph",1862,7.88174432281859
"1900","Sph",1863,7.88040935666451
"1901","Sph",1864,7.87895558001676
"1902","Sph",1865,7.87737510866942
"1903","Sph",1866,7.87566005699998
"1904","Sph",1867,7.87380258810292
"1905","Sph",1868,7.8717949640544
"1906","Sph",1869,7.86962959631566
"1907","Sph",1870,7.86729909628272
"1908","Sph",1871,7.86479632598963
"1909","Sph",1872,7.86211444897252
"1910","Sph",1873,7.85924698130138
"1911","Sph",1874,7.85618784278617
"1912","Sph",1875,7.85293140836361
"1913","Sph",1876,7.84947255967047
"1914","Sph",1877,7.84580673680887
"1915","Sph",1878,7.84192999030861
"1916","Sph",1879,7.83783902825669
"1917","Sph",1880,7.83353124349584
"1918","Sph",1881,7.82900471082699
"1919","Sph",1882,7.82425816428643
"1920","Sph",1883,7.81929096960164
"1921","Sph",1884,7.81410309686127
"1922","Sph",1885,7.80869509339984
"1923","Sph",1886,7.80306805689713
"1924","Sph",1887,7.79722360869183
"1925","Sph",1888,7.79116386730837
"1926","Sph",1889,7.78489142219536
"1927","Sph",1890,7.77840930767355
"1928","Sph",1891,7.77172097709087
"1929","Sph",1892,7.76483027718156
"1930","Sph",1893,7.75774142262603
"1931","Sph",1894,7.75045897080778
"1932","Sph",1895,7.74298779676316
"1933","Sph",1896,7.73533306831971
"1934","Sph",1897,7.72750021962785
"1935","Sph",1898,7.71949491771009
"1936","Sph",1899,7.71132301844183
"1937","Sph",1900,7.70299051553879
"1938","Sph",1901,7.69450348791647
"1939","Sph",1902,7.68586804720598
"1940","Sph",1903,7.67709028542048
"1941","Sph",1904,7.66817622276625
"1942","Sph",1905,7.65913175559243
"1943","Sph",1906,7.64996260447369
"1944","Sph",1907,7.64067426241999
"1945","Sph",1908,7.631271943208
"1946","Sph",1909,7.62176052982876
"1947","Sph",1910,7.6121445230466
"1948","Sph",1911,7.60242799006448
"1949","Sph",1912,7.59261451329156
"1950","Sph",1913,7.58270713920885
"1951","Sph",1914,7.57270832732967
"1952","Sph",1915,7.56261989925185
"1953","Sph",1916,7.55244298779934
"1954","Sph",1917,7.54217798625151
"1955","Sph",1918,7.53182449765896
"1956","Sph",1919,7.52138129248144
"1957","Sph",1920,7.5108462992555
"1958","Sph",1921,7.50021664476482
"1959","Sph",1922,7.4894887272435
"1960","Sph",1923,7.4786582979078
"1961","Sph",1924,7.46772054258386
"1962","Sph",1925,7.45667016343569
"1963","Sph",1926,7.4455014607979
"1964","Sph",1927,7.43420841511836
"1965","Sph",1928,7.42278476901638
"1966","Sph",1929,7.41122410946212
"1967","Sph",1930,7.39951995008332
"1968","Sph",1931,7.3876658136056
"1969","Sph",1932,7.3756553144326
"1970","Sph",1933,7.36348224137218
"1971","Sph",1934,7.35114064051488
"1972","Sph",1935,7.33862489827076
"1973","Sph",1936,7.32592982457017
"1974","Sph",1937,7.31305073623408
"1975","Sph",1938,7.29998354051889
"1976","Sph",1939,7.28672481884022
"1977","Sph",1940,7.27327191067975
"1978","Sph",1941,7.25962299767819
"1979","Sph",1942,7.2457771804119
"1980","Sph",1943,7.2317345253387
"1981","Sph",1944,7.21749606690337
"1982","Sph",1945,7.20306377981319
"1983","Sph",1946,7.18844054399857
"1984","Sph",1947,7.17363010976206
"1985","Sph",1948,7.15863706311304
"1986","Sph",1949,7.14346679128435
"1987","Sph",1950,7.12812544842657
"1988","Sph",1951,7.11261992147449
"1989","Sph",1952,7.09695779618003
"1990","Sph",1953,7.08114732330475
"1991","Sph",1954,7.06519738496462
"1992","Sph",1955,7.04911746111903
"1993","Sph",1956,7.03291759619547
"1994","Sph",1957,7.01660836584049
"1995","Sph",1958,7.00020084378738
"1996","Sph",1959,6.98370656883009
"1997","Sph",1960,6.96713751189275
"1998","Sph",1961,6.95050604318347
"1999","Sph",1962,6.93382489942088
"2000","Sph",1963,6.91710715112124
"2001","Sph",1964,6.90036616993383
"2002","Sph",1965,6.88361559601183
"2003","Sph",1966,6.86686930540574
"2004","Sph",1967,6.85014137746602
"2005","Sph",1968,6.83344606224145
"2006","Sph",1969,6.81679774785953
"2007","Sph",1970,6.800210927875
"2008","Sph",1971,6.78370016857256
"2009","Sph",1972,6.7672800762096
"2010","Sph",1973,6.7509652641848
"2011","Sph",1974,6.73477032011839
"2012","Sph",1975,6.71870977282983
"2013","Sph",1976,6.70279805919871
"2014","Sph",1977,6.68704949089476
"2015","Sph",1978,6.67147822096286
"2016","Sph",1979,6.6560982102492
"2017","Sph",1980,6.64092319365475
"2018","Sph",1981,6.62596664620246
"2019","Sph",1982,6.61124174890484
"2020","Sph",1983,6.59676135441885
"2021","Sph",1984,6.58253795247519
"2022","Sph",1985,6.56858363506951
"2023","Sph",1986,6.55491006379417
"2024","Sph",1987,6.54152844647115
"2025","Sph",1988,6.52844952785613
"2026","Sph",1989,6.51568358962151
"2027","Sph",1990,6.50324045243536
"2028","Sph",1991,6.49112947773573
"2029","Sph",1992,6.47935956919055
"2030","Sph",1993,6.46793917383414
"2031","Sph",1994,6.4568762828716
"2032","Sph",1995,6.44617843214286
"2033","Sph",1996,6.43585270223854
"2034","Sph",1997,6.42590571826042
"2035","Sph",1998,6.41634364921946
"2036","Sph",1999,6.40717220706503
"2037","Sph",2000,6.39839664533926
"2038","Sph",2001,6.39002175745104
"2039","Sph",2002,6.38205187456441
"2040","Sph",2003,6.37449086309686
"2041","Sph",2004,6.36734212182311
"2042","Sph",2005,6.36060857858078
"2043","Sph",2006,6.35429268657454
"2044","Sph",2007,6.34839642027592
"2045","Sph",2008,6.34292127091638
"2046","Sph",2009,6.33786824157177
"2047","Sph",2010,6.33323784183663
"2048","Sph",2011,6.32903008208744
"2049","Sph",2012,6.32524446733431
"2050","Sph",2013,6.32187999066106
"2051","Sph",2014,6.31893512625422
"2052","Sph",2015,6.31640782202196
"2053","Sph",2016,6.3142954918043
"2054","Sph",2017,6.31259500717685
"2055","Sph",2018,6.31130268885032
"2056","Sph",2019,6.31041429766907
"2057","Sph",2020,6.30992502521219
"2058","Sph",2021,6.30982948400127
"2059","Sph",2022,6.31012169731954
"2060","Sph",2023,6.31079508864765
"2061","Sph",2024,6.31184247072191
"2062","Sph",2025,6.31325603422138
"2063","Sph",2026,6.31502733609086
"2064","Sph",2027,6.31714728750741
"2065","Sph",2028,6.31960614149853
"2066","Sph",2029,6.32239348022098
"2067","Sph",2030,6.32549820527486
"2068","Sph",2031,6.32890854115857
"2069","Sph",2032,6.33261205860574
"2070","Sph",2033,6.33659571108544
"2071","Sph",2034,6.34084587438203
"2072","Sph",2035,6.34534838590245
"2073","Sph",2036,6.35008858372399
"2074","Sph",2037,6.35505134539649
"2075","Sph",2038,6.36022112651307
"2076","Sph",2039,6.36558199906427
"2077","Sph",2040,6.37111768959066
"2078","Sph",2041,6.37681161714932
"2079","Sph",2042,6.38264693111026
"2080","Sph",2043,6.38860654879867
"2081","Sph",2044,6.39467319299958
"2082","Sph",2045,6.40082942934149
"2083","Sph",2046,6.40705770357572
"2084","Sph",2047,6.41334037876862
"2085","Sph",2048,6.41965977242357
"2086","Sph",2049,6.42599819354994
"2087","Sph",2050,6.43233797969644
"2088","Sph",2051,6.4386615339657
"2089","Sph",2052,6.44495136202767
"2090","Sph",2053,6.45119010914869
"2091","Sph",2054,6.45736059725338
"2092","Sph",2055,6.46344586203622
"2093","Sph",2056,6.46942919013952
"2094","Sph",2057,6.47529415641436
"2095","Sph",2058,6.48102466128065
"2096","Sph",2059,6.48660496820241
"2097","Sph",2060,6.4920197412939
"2098","Sph",2061,6.49725408307185
"2099","Sph",2062,6.50229357236886
"2100","Sph",2063,6.50712430242231
"2101","Sph",2064,6.51173291915291
"2102","Sph",2065,6.51610665964644
"2103","Sph",2066,6.52023339085155
"2104","Sph",2067,6.52410164850617
"2105","Sph",2068,6.52770067630432
"2106","Sph",2069,6.53102046531433
"2107","Sph",2070,6.53405179365913
"2108","Sph",2071,6.53678626646821
"2109","Sph",2072,6.53921635611026
"2110","Sph",2073,6.54133544271467
"2111","Sph",2074,6.54313785498914
"2112","Sph",2075,6.54461890494988
"2113","Sph",2076,6.54577489739995
"2114","Sph",2077,6.54660310138014
"2115","Sph",2078,6.54710169637621
"2116","Sph",2079,6.54726971245497
"2117","Sph",2080,6.54710697072127
"2118","Sph",2081,6.54661402409656
"2119","Sph",2082,6.54579209841952
"2120","Sph",2083,6.54464303386802
"2121","Sph",2084,6.54316922670145
"2122","Sph",2085,6.54137357132142
"2123","Sph",2086,6.53925940264874
"2124","Sph",2087,6.53683043881377
"2125","Sph",2088,6.53409072415697
"2126","Sph",2089,6.53104457253595
"2127","Sph",2090,6.52769651093532
"2128","Sph",2091,6.5240512233749
"2129","Sph",2092,6.52011349511212
"2130","Sph",2093,6.51588815713397
"2131","Sph",2094,6.51138003093388
"2132","Sph",2095,6.50659387356886
"2133","Sph",2096,6.50153432810252
"2134","Sph",2097,6.49620589476029
"2135","Sph",2098,6.49061293301297
"2136","Sph",2099,6.48475968436351
"2137","Sph",2100,6.47865030050201
"2138","Sph",2101,6.47228887171429
"2139","Sph",2102,6.46567945554016
"2140","Sph",2103,6.4588261056772
"2141","Sph",2104,6.45173290112633
"2142","Sph",2105,6.44440397557489
"2143","Sph",2106,6.43684354701354
"2144","Sph",2107,6.42905594758274
"2145","Sph",2108,6.42104565364481
"2146","Sph",2109,6.4128173160772
"2147","Sph",2110,6.40437579078271
"2148","Sph",2111,6.39572616941216
"2149","Sph",2112,6.38687381029446
"2150","Sph",2113,6.3778243695696
"2151","Sph",2114,6.36858383251878
"2152","Sph",2115,6.35915854508664
"2153","Sph",2116,6.34955524558934
"2154","Sph",2117,6.3397810966026
"2155","Sph",2118,6.32984371178951
"2156","Sph",2119,6.31975116196095
"2157","Sph",2120,6.30951194989426
"2158","Sph",2121,6.29913496436932
"2159","Sph",2122,6.28862942911384
"2160","Sph",2123,6.27800485188279
"2161","Sph",2124,6.26727097366294
"2162","Sph",2125,6.25643771799324
"2163","Sph",2126,6.24551514039168
"2164","Sph",2127,6.2345133778789
"2165","Sph",2128,6.22344259858875
"2166","Sph",2129,6.21231295145606
"2167","Sph",2130,6.20113451597164
"2168","Sph",2131,6.18991725199465
"2169","Sph",2132,6.17867094961263
"2170","Sph",2133,6.16740517903939
"2171","Sph",2134,6.15612924054133
"2172","Sph",2135,6.14485211438286
"2173","Sph",2136,6.13358241458486
"2174","Sph",2137,6.12232835789652
"2175","Sph",2138,6.11109775557811
"2176","Sph",2139,6.09989802038065
"2177","Sph",2140,6.08873617730604
"2178","Sph",2141,6.07761887433718
"2179","Sph",2142,6.0665523931314
"2180","Sph",2143,6.05554265967073
"2181","Sph",2144,6.04459525486269
"2182","Sph",2145,6.03371542508606
"2183","Sph",2146,6.02290809267604
"2184","Sph",2147,6.01217786634374
"2185","Sph",2148,6.00152905152514
"2186","Sph",2149,5.9909656606551
"2187","Sph",2150,5.98049142336219
"2188","Sph",2151,5.97010979658039
"2189","Sph",2152,5.95982397457406
"2190","Sph",2153,5.94963689887284
"2191","Sph",2154,5.93955126811324
"2192","Sph",2155,5.92956954778419
"2193","Sph",2156,5.91969397987384
"2194","Sph",2157,5.9099265924152
"2195","Sph",2158,5.90026920892849
"2196","Sph",2159,5.89072345775811
"2197","Sph",2160,5.8812907813026
"2198","Sph",2161,5.87197244513583
"2199","Sph",2162,5.86276954701815
"2200","Sph",2163,5.8536830257962
"2201","Sph",2164,5.84471367019031
"2202","Sph",2165,5.83586212746853
"2203","Sph",2166,5.82712891200666
"2204","Sph",2167,5.81851441373344
"2205","Sph",2168,5.81001890646057
"2206","Sph",2169,5.80164255609709
"2207","Sph",2170,5.79338542874785
"2208","Sph",2171,5.78524749869593
"2209","Sph",2172,5.77722865626895
"2210","Sph",2173,5.76932871558927
"2211","Sph",2174,5.76154742220813
"2212","Sph",2175,5.75388446062407
"2213","Sph",2176,5.74633946168564
"2214","Sph",2177,5.73891200987897
"2215","Sph",2178,5.73160165050032
"2216","Sph",2179,5.72440789671411
"2217","Sph",2180,5.71733023649697
"2218","Sph",2181,5.71036813946803
"2219","Sph",2182,5.70352106360623
"2220","Sph",2183,5.69678846185495
"2221","Sph",2184,5.6901697886146
"2222","Sph",2185,5.68366450612365
"2223","Sph",2186,5.67727209072864
"2224","Sph",2187,5.67099203904371
"2225","Sph",2188,5.66482387400014
"2226","Sph",2189,5.65876715078637
"2227","Sph",2190,5.65282146267897
"2228","Sph",2191,5.64698644676507
"2229","Sph",2192,5.64126178955648
"2230","Sph",2193,5.63564723249602
"2231","Sph",2194,5.63014257735627
"2232","Sph",2195,5.62474769153096
"2233","Sph",2196,5.61946251321932
"2234","Sph",2197,5.61428705650337
"2235","Sph",2198,5.60922141631829
"2236","Sph",2199,5.60426577331587
"2237","Sph",2200,5.59942039862084
"2238","Sph",2201,5.59468565848007
"2239","Sph",2202,5.59006201831578
"2240","Sph",2203,5.58555004471744
"2241","Sph",2204,5.58115040439488
"2242","Sph",2205,5.57686386106913
"2243","Sph",2206,5.57269127176525
"2244","Sph",2207,5.56863358299494
"2245","Sph",2208,5.56469182682808
"2246","Sph",2209,5.56086711685228
"2247","Sph",2210,5.55716064401938
"2248","Sph",2211,5.5535736723779
"2249","Sph",2212,5.55010753469022
"2250","Sph",2213,5.54676362793333
"2251","Sph",2214,5.54354340868171
"2252","Sph",2215,5.54044838837121
"2253","Sph",2216,5.53748012844222
"2254","Sph",2217,5.53464023536102
"2255","Sph",2218,5.53193035551736
"2256","Sph",2219,5.52935216999717
"2257","Sph",2220,5.52690738922837
"2258","Sph",2221,5.52459774749848
"2259","Sph",2222,5.52242499734215
"2260","Sph",2223,5.52039090379704
"2261","Sph",2224,5.51849723852625
"2262","Sph",2225,5.51674577380576
"2263","Sph",2226,5.51513827637484
"2264","Sph",2227,5.51367650114812
"2265","Sph",2228,5.51236218478721
"2266","Sph",2229,5.51119703913043
"2267","Sph",2230,5.51018274447881
"2268","Sph",2231,5.50932094273681
"2269","Sph",2232,5.50861323040604
"2270","Sph",2233,5.50806115143036
"2271","Sph",2234,5.50766618989097
"2272","Sph",2235,5.50742976254979
"2273","Sph",2236,5.50735321123976
"2274","Sph",2237,5.50743779510082
"2275","Sph",2238,5.50768468266002
"2276","Sph",2239,5.5080949437547
"2277","Sph",2240,5.50866954129759
"2278","Sph",2241,5.50940932288277
"2279","Sph",2242,5.51031501319915
"2280","Sph",2243,5.51138721015358
"2281","Sph",2244,5.5126263866382
"2282","Sph",2245,5.51403289600604
"2283","Sph",2246,5.51560697835166
"2284","Sph",2247,5.51734876662879
"2285","Sph",2248,5.5192582926047
"2286","Sph",2249,5.52133549265124
"2287","Sph",2250,5.52358021337249
"2288","Sph",2251,5.52599221706903
"2289","Sph",2252,5.52857118703902
"2290","Sph",2253,5.53131673271638
"2291","Sph",2254,5.53422839464623
"2292","Sph",2255,5.53730564929811
"2293","Sph",2256,5.54054791371733
"2294","Sph",2257,5.54395455001498
"2295","Sph",2258,5.54752486969727
"2296","Sph",2259,5.5512581378346
"2297","Sph",2260,5.55515357707126
"2298","Sph",2261,5.5592103714763
"2299","Sph",2262,5.56342767023648
"2300","Sph",2263,5.5678045911919
"2301","Sph",2264,5.57234022421538
"2302","Sph",2265,5.57703363443616
"2303","Sph",2266,5.58188386530914
"2304","Sph",2267,5.58688994153022
"2305","Sph",2268,5.59205087179896
"2306","Sph",2269,5.59736565142935
"2307","Sph",2270,5.60283326480965
"2308","Sph",2271,5.60845268771244
"2309","Sph",2272,5.61422288945561
"2310","Sph",2273,5.62014283491552
"2311","Sph",2274,5.62621148639324
"2312","Sph",2275,5.63242780533483
"2313","Sph",2276,5.63879075390674
"2314","Sph",2277,5.64529929642735
"2315","Sph",2278,5.65195240065561
"2316","Sph",2279,5.65874903893778
"2317","Sph",2280,5.66568818921337
"2318","Sph",2281,5.67276883588115
"2319","Sph",2282,5.67998997052634
"2320","Sph",2283,5.68735059250989
"2321","Sph",2284,5.69484970942088
"2322","Sph",2285,5.702486337393
"2323","Sph",2286,5.71025950128606
"2324","Sph",2287,5.7181682347335
"2325","Sph",2288,5.72621158005691
"2326","Sph",2289,5.73438858804833
"2327","Sph",2290,5.74269831762151
"2328","Sph",2291,5.75113983533284
"2329","Sph",2292,5.75971221477296
"2330","Sph",2293,5.76841453582999
"2331","Sph",2294,5.7772458838252
"2332","Sph",2295,5.7862053482351
"2333","Sph",2296,5.79529202013988
"2334","Sph",2297,5.80450498782507
"2335","Sph",2298,5.8138433311114
"2336","Sph",2299,5.82330611527454
"2337","Sph",2300,5.83289238484273
"2338","Sph",2301,5.84260115727313
"2339","Sph",2302,5.85243141650788
"2340","Sph",2303,5.86238210641081
"2341","Sph",2304,5.87245212408576
"2342","Sph",2305,5.8826403130776
"2343","Sph",2306,5.89294545645704
"2344","Sph",2307,5.9033662697902
"2345","Sph",2308,5.91390139399441
"2346","Sph",2309,5.92454938808121
"2347","Sph",2310,5.93530872178807
"2348","Sph",2311,5.94617776810013
"2349","Sph",2312,5.95715479637326
"2350","Sph",2313,5.96823796818907
"2351","Sph",2314,5.97942533736296
"2352","Sph",2315,5.99071485268775
"2353","Sph",2316,6.00210436128543
"2354","Sph",2317,6.0135916118595
"2355","Sph",2318,6.02517425784984
"2356","Sph",2319,6.03684986049249
"2357","Sph",2320,6.04861589178646
"2358","Sph",2321,6.06046973736999
"2359","Sph",2322,6.07240869930877
"2360","Sph",2323,6.08442999879865
"2361","Sph",2324,6.0965307787854
"2362","Sph",2325,6.10870810650429
"2363","Sph",2326,6.12095897594233
"2364","Sph",2327,6.13328031022582
"2365","Sph",2328,6.14566896393644
"2366","Sph",2329,6.15812172535856
"2367","Sph",2330,6.17063531866109
"2368","Sph",2331,6.18320640601683
"2369","Sph",2332,6.19583158966263
"2370","Sph",2333,6.2085074139035
"2371","Sph",2334,6.22123036706408
"2372","Sph",2335,6.23399688339077
"2373","Sph",2336,6.24680334490797
"2374","Sph",2337,6.25964608323191
"2375","Sph",2338,6.27252138134553
"2376","Sph",2339,6.2854254753381
"2377","Sph",2340,6.29835455611314
"2378","Sph",2341,6.3113047710682
"2379","Sph",2342,6.32427222575044
"2380","Sph",2343,6.33725298549159
"2381","Sph",2344,6.35024307702606
"2382","Sph",2345,6.36323849009624
"2383","Sph",2346,6.37623517904861
"2384","Sph",2347,6.38922906442477
"2385","Sph",2348,6.40221603455111
"2386","Sph",2349,6.41519194713144
"2387","Sph",2350,6.42815263084612
"2388","Sph",2351,6.44109388696222
"2389","Sph",2352,6.45401149095833
"2390","Sph",2353,6.46690119416848
"2391","Sph",2354,6.47975872544899
"2392","Sph",2355,6.49257979287258
"2393","Sph",2356,6.50536008545383
"2394","Sph",2357,6.51809527491022
"2395","Sph",2358,6.53078101746278
"2396","Sph",2359,6.54341295568089
"2397","Sph",2360,6.55598672037506
"2398","Sph",2361,6.56849793254235
"2399","Sph",2362,6.58094220536828
"2400","Sph",2363,6.59331514628985
"2401","Sph",2364,6.60561235912374
"2402","Sph",2365,6.61782944626397
"2403","Sph",2366,6.62996201095339
"2404","Sph",2367,6.6420056596333
"2405","Sph",2368,6.65395600437533
"2406","Sph",2369,6.66580866539998
"2407","Sph",2370,6.67755927368617
"2408","Sph",2371,6.68920347367582
"2409","Sph",2372,6.70073692607797
"2410","Sph",2373,6.71215531077656
"2411","Sph",2374,6.72345432984604
"2412","Sph",2375,6.73462971067925
"2413","Sph",2376,6.7456772092314
"2414","Sph",2377,6.75659261338469
"2415","Sph",2378,6.76737174643738
"2416","Sph",2379,6.7780104707217
"2417","Sph",2380,6.78850469135437
"2418","Sph",2381,6.79885036012404
"2419","Sph",2382,6.80904347951946
"2420","Sph",2383,6.81908010690239
"2421","Sph",2384,6.82895635882908
"2422","Sph",2385,6.83866841552431
"2423","Sph",2386,6.84821252551157
"2424","Sph",2387,6.85758501040326
"2425","Sph",2388,6.86678226985446
"2426","Sph",2389,6.87580078668397
"2427","Sph",2390,6.88463713216595
"2428","Sph",2391,6.89328797149577
"2429","Sph",2392,6.90175006943327
"2430","Sph",2393,6.91002029612678
"2431","Sph",2394,6.91809563312095
"2432","Sph",2395,6.92597317955151
"2433","Sph",2396,6.93365015852987
"2434","Sph",2397,6.94112392372045
"2435","Sph",2398,6.94839196611323
"2436","Sph",2399,6.95545192099443
"2437","Sph",2400,6.96230157511744
"2438","Sph",2401,6.96893887407653
"2439","Sph",2402,6.97536192988531
"2440","Sph",2403,6.98156902876213
"2441","Sph",2404,6.98755863912408
"2442","Sph",2405,6.9933294197914
"2443","Sph",2406,6.99888022840361
"2444","Sph",2407,7.00421012922423
"2445","Sph",2408,7.00931839786081
"2446","Sph",2409,7.01420452125204
"2447","Sph",2410,7.01886819457185
"2448","Sph",2411,7.02330931752523
"2449","Sph",2412,7.02752799086066
"2450","Sph",2413,7.03152451309939
"2451","Sph",2414,7.03529937748121
"2452","Sph",2415,7.0388532691268
"2453","Sph",2416,7.0421870624158
"2454","Sph",2417,7.04530181858021
"2455","Sph",2418,7.04819878351212
"2456","Sph",2419,7.05087938578478
"2457","Sph",2420,7.05334523488585
"2458","Sph",2421,7.0555981196613
"2459","Sph",2422,7.05764000696858
"2460","Sph",2423,7.05947304053711
"2461","Sph",2424,7.06109954003442
"2462","Sph",2425,7.06252200033556
"2463","Sph",2426,7.0637430909938
"2464","Sph",2427,7.06476565686074
"2465","Sph",2428,7.06559272270576
"2466","Sph",2429,7.06622750373342
"2467","Sph",2430,7.06667342009435
"2468","Sph",2431,7.06693411253427
"2469","Sph",2432,7.06701345822686
"2470","Sph",2433,7.06691558678701
"2471","Sph",2434,7.0666448964607
"2472","Sph",2435,7.06620607048737
"2473","Sph",2436,7.06560409363059
"2474","Sph",2437,7.06484426887238
"2475","Sph",2438,7.06393223426642
"2476","Sph",2439,7.06287397994479
"2477","Sph",2440,7.061675865273
"2478","Sph",2441,7.06034463614717
"2479","Sph",2442,7.05888744242741
"2480","Sph",2443,7.05731185550067
"2481","Sph",2444,7.05562588596614
"2482","Sph",2445,7.05383800143577
"2483","Sph",2446,7.05195714444214
"2484","Sph",2447,7.04999274534882
"2485","Sph",2448,7.04795471496436
"2486","Sph",2449,7.04585340665773
"2487","Sph",2450,7.04369955815857
"2488","Sph",2451,7.04150422832236
"2489","Sph",2452,7.03927873394656
"2490","Sph",2453,7.03703458662709
"2491","Sph",2454,7.0347834296441
"2492","Sph",2455,7.03253697486584
"2493","Sph",2456,7.0303069396593
"2494","Sph",2457,7.02810498379635
"2495","Sph",2458,7.02594264634381
"2496","Sph",2459,7.02383128252629
"2497","Sph",2460,7.02178200055046
"2498","Sph",2461,7.01980559837983
"2499","Sph",2462,7.01791250044915
"2500","Sph",2463,7.01611269430796
"2501","Sph",2464,7.01441566718322
"2502","Sph",2465,7.01283034245128
"2503","Sph",2466,7.01136501600993
"2504","Sph",2467,7.01002729254196
"2505","Sph",2468,7.00882402755759
"2506","Sph",2469,7.00776129289494
"2507","Sph",2470,7.00684437746284
"2508","Sph",2471,7.00607781142904
"2509","Sph",2472,7.00546539616224
"2510","Sph",2473,7.00501023402794
"2511","Sph",2474,7.00471475803445
"2512","Sph",2475,7.00458076132598
"2513","Sph",2476,7.00460942652045
"2514","Sph",2477,7.00480135489025
"2515","Sph",2478,7.00515659538476
"2516","Sph",2479,7.00567467349412
"2517","Sph",2480,7.00635461995402
"2518","Sph",2481,7.00719499929217
"2519","Sph",2482,7.00819393821717
"2520","Sph",2483,7.00934915385134
"2521","Sph",2484,7.01065798180924
"2522","Sph",2485,7.01211740412402
"2523","Sph",2486,7.01372407702437
"2524","Sph",2487,7.01547435856483
"2525","Sph",2488,7.01736433611274
"2526","Sph",2489,7.01938985369545
"2527","Sph",2490,7.02154653921149
"2528","Sph",2491,7.02382983150976
"2529","Sph",2492,7.02623500734102
"2530","Sph",2493,7.02875720818613
"2531","Sph",2494,7.03139146696549
"2532","Sph",2495,7.03413273463463
"2533","Sph",2496,7.03697590667053
"2534","Sph",2497,7.03991584945378
"2535","Sph",2498,7.04294742655142
"2536","Sph",2499,7.04606552490548
"2537","Sph",2500,7.04926508093226
"2538","Sph",2501,7.05254110653724
"2539","Sph",2502,7.05588871505059
"2540","Sph",2503,7.05930314708812
"2541","Sph",2504,7.06277979634242
"2542","Sph",2505,7.06631423530879
"2543","Sph",2506,7.06990224095052
"2544","Sph",2507,7.07353982030768
"2545","Sph",2508,7.07722323605363
"2546","Sph",2509,7.08094903236033
"2547","Sph",2510,7.08471406214755
"2548","Sph",2511,7.08851551643383
"2549","Sph",2512,7.09235095507776
"2550","Sph",2513,7.09621833784083
"2551","Sph",2514,7.10011605541689
"2552","Sph",2515,7.10404296043038
"2553","Sph",2516,7.10799839840468
"2554","Sph",2517,7.11198223870184
"2555","Sph",2518,7.11599490543424
"2556","Sph",2519,7.12003740834827
"2557","Sph",2520,7.12411137367966
"2558","Sph",2521,7.12821907497949
"2559","Sph",2522,7.13236346390911
"2560","Sph",2523,7.13654820100196
"2561","Sph",2524,7.14077768638926
"2562","Sph",2525,7.14505709048599
"2563","Sph",2526,7.14939238463298
"2564","Sph",2527,7.15379037168985
"2565","Sph",2528,7.1582587165732
"2566","Sph",2529,7.1628059675233
"2567","Sph",2530,7.16744154046231
"2568","Sph",2531,7.17217564801568
"2569","Sph",2532,7.17701919160772
"2570","Sph",2533,7.18198364425071
"2571","Sph",2534,7.18708093322725
"2572","Sph",2535,7.19232332265452
"2573","Sph",2536,7.19772329591891
"2574","Sph",2537,7.20329343796922
"2575","Sph",2538,7.20904631745621
"2576","Sph",2539,7.21499436870636
"2577","Sph",2540,7.22114977351763
"2578","Sph",2541,7.22752434276516
"2579","Sph",2542,7.23412939780513
"2580","Sph",2543,7.24097565166527
"2581","Sph",2544,7.24807309001109
"2582","Sph",2545,7.25543085187744
"2583","Sph",2546,7.26305711015574
"2584","Sph",2547,7.27095895182797
"2585","Sph",2548,7.27914225793964
"2586","Sph",2549,7.28761159431775
"2587","Sph",2550,7.29637014606734
"2588","Sph",2551,7.30541971786814
"2589","Sph",2552,7.31476077804218
"2590","Sph",2553,7.32439251335153
"2591","Sph",2554,7.33431288351265
"2592","Sph",2555,7.34451867542808
"2593","Sph",2556,7.35500555713745
"2594","Sph",2557,7.36576813149091
"2595","Sph",2558,7.37679998954922
"2596","Sph",2559,7.38809376371566
"2597","Sph",2560,7.399641180606
"2598","Sph",2561,7.41143311366376
"2599","Sph",2562,7.42345963552868
"2600","Sph",2563,7.43571007016732
"2601","Sph",2564,7.44817304477546
"2602","Sph",2565,7.46083654146267
"2603","Sph",2566,7.47368794873005
"2604","Sph",2567,7.48671411275288
"2605","Sph",2568,7.4999013884805
"2606","Sph",2569,7.51323569056601
"2607","Sph",2570,7.52670254413934
"2608","Sph",2571,7.54028713543713
"2609","Sph",2572,7.55397436230369
"2610","Sph",2573,7.56774888457735
"2611","Sph",2574,7.58159517437691
"2612","Sph",2575,7.59549756630311
"2613","Sph",2576,7.6094403075703
"2614","Sph",2577,7.62340760808337
"2615","Sph",2578,7.6373836904755
"2616","Sph",2579,7.65135284012191
"2617","Sph",2580,7.66529945514502
"2618","Sph",2581,7.67920809642636
"2619","Sph",2582,7.69306353764028
"2620","Sph",2583,7.70685081532462
"2621","Sph",2584,7.72055527900309
"2622","Sph",2585,7.73416264137386
"2623","Sph",2586,7.74765902857877
"2624","Sph",2587,7.76103103056681
"2625","Sph",2588,7.77426575156567
"2626","Sph",2589,7.78735086067411
"2627","Sph",2590,7.80027463825669
"2628","Sph",2591,7.81302600515903
"2629","Sph",2592,7.82559452609264
"2630","Sph",2593,7.83797039586258
"2631","Sph",2594,7.85014442144166
"2632","Sph",2595,7.86210800423219
"2633","Sph",2596,7.87385312252399
"2634","Sph",2597,7.88537231415729
"2635","Sph",2598,7.89665865939815
"2636","Sph",2599,7.90770576403381
"2637","Sph",2600,7.91850774269464
"2638","Sph",2601,7.92905920240899
"2639","Sph",2602,7.93935522639661
"2640","Sph",2603,7.94939135810604
"2641","Sph",2604,7.95916358550052
"2642","Sph",2605,7.9686683255971
"2643","Sph",2606,7.97790240926255
"2644","Sph",2607,7.9868630662698
"2645","Sph",2608,7.99554791061789
"2646","Sph",2609,8.00395492611813
"2647","Sph",2610,8.01208245224889
"2648","Sph",2611,8.01992917028089
"2649","Sph",2612,8.02749408967471
"2650","Sph",2613,8.0347765347517
"2651","Sph",2614,8.04177613163939
"2652","Sph",2615,8.04849279549193
"2653","Sph",2616,8.05492671798608
"2654","Sph",2617,8.06107835509268
"2655","Sph",2618,8.06694841512353
"2656","Sph",2619,8.07253784705327
"2657","Sph",2620,8.07784782911538
"2658","Sph",2621,8.08287975767166
"2659","Sph",2622,8.08763523635376
"2660","Sph",2623,8.09211606547571
"2661","Sph",2624,8.09632423171557
"2662","Sph",2625,8.10026189806472
"2663","Sph",2626,8.10393139404273
"2664","Sph",2627,8.10733520617565
"2665","Sph",2628,8.11047596873565
"2666","Sph",2629,8.11335645473939
"2667","Sph",2630,8.11597956720267
"2668","Sph",2631,8.11834833064864
"2669","Sph",2632,8.12046588286672
"2670","Sph",2633,8.12233546691931
"2671","Sph",2634,8.12396042339323
"2672","Sph",2635,8.12534418289277
"2673","Sph",2636,8.12649025877099
"2674","Sph",2637,8.12740224009611
"2675","Sph",2638,8.12808378484935
"2676","Sph",2639,8.1285386133509
"2677","Sph",2640,8.12877050191044
"2678","Sph",2641,8.12878327669846
"2679","Sph",2642,8.12858080783484
"2680","Sph",2643,8.12816700369092
"2681","Sph",2644,8.12754580540129
"2682","Sph",2645,8.12672118158142
"2683","Sph",2646,8.12569712324751
"2684","Sph",2647,8.12447763893437
"2685","Sph",2648,8.12306675000779
"2686","Sph",2649,8.1214684861672
"2687","Sph",2650,8.1196868811349
"2688","Sph",2651,8.11772596852787
"2689","Sph",2652,8.1155897779082
"2690","Sph",2653,8.11328233100826
"2691","Sph",2654,8.11080763812665
"2692","Sph",2655,8.10816969469106
"2693","Sph",2656,8.10537247798406
"2694","Sph",2657,8.10241994402803
"2695","Sph",2658,8.09931602462522
"2696","Sph",2659,8.09606462454926
"2697","Sph",2660,8.09266961888412
"2698","Sph",2661,8.0891348505068
"2699","Sph",2662,8.08546412771001
"2700","Sph",2663,8.08166122196101
"2701","Sph",2664,8.07772986579297
"2702","Sph",2665,8.07367375082513
"2703","Sph",2666,8.06949652590815
"2704","Sph",2667,8.06520179539106
"2705","Sph",2668,8.06079311750622
"2706","Sph",2669,8.05627400286883
"2707","Sph",2670,8.05164791308746
"2708","Sph",2671,8.04691825948224
"2709","Sph",2672,8.04208840190731
"2710","Sph",2673,8.03716164767419
"2711","Sph",2674,8.03214125057285
"2712","Sph",2675,8.02703040998717
"2713","Sph",2676,8.02183227010176
"2714","Sph",2677,8.01654991919684
"2715","Sph",2678,8.01118638902823
"2716","Sph",2679,8.00574465428953
"2717","Sph",2680,8.00022763215327
"2718","Sph",2681,7.99463818188841
"2719","Sph",2682,7.98897910455118
"2720","Sph",2683,7.98325314274653
"2721","Sph",2684,7.97746298045745
"2722","Sph",2685,7.9716112429395
"2723","Sph",2686,7.96570049667795
"2724","Sph",2687,7.95973324940488
"2725","Sph",2688,7.95371195017387
"2726","Sph",2689,7.94763898948975
"2727","Sph",2690,7.94151669949106
"2728","Sph",2691,7.93534735418285
"2729","Sph",2692,7.92913316971761
"2730","Sph",2693,7.92287630472206
"2731","Sph",2694,7.91657886066764
"2732","Sph",2695,7.91024288228269
"2733","Sph",2696,7.9038703580041
"2734","Sph",2697,7.89746322046658
"2735","Sph",2698,7.89102334702763
"2736","Sph",2699,7.88455256032615
"2737","Sph",2700,7.87805262887303
"2738","Aln",-53,1.57733719512239
"2739","Aln",-52,1.57661545901129
"2740","Aln",-51,1.57588091517581
"2741","Aln",-50,1.57513413781076
"2742","Aln",-49,1.57437590126499
"2743","Aln",-48,1.57360715287406
"2744","Aln",-47,1.57282898580394
"2745","Aln",-46,1.57204261190497
"2746","Aln",-45,1.57124933457481
"2747","Aln",-44,1.5704505216295
"2748","Aln",-43,1.56964757818105
"2749","Aln",-42,1.56884191952053
"2750","Aln",-41,1.56803494400514
"2751","Aln",-40,1.56722800594791
"2752","Aln",-39,1.56642238850875
"2753","Aln",-38,1.56561927658543
"2754","Aln",-37,1.56481972970343
"2755","Aln",-36,1.56402465490326
"2756","Aln",-35,1.56323478351781
"2757","Aln",-34,1.56245066351824
"2758","Aln",-33,1.56167267521451
"2759","Aln",-32,1.56090106252328
"2760","Aln",-31,1.56013596812327
"2761","Aln",-30,1.55937746860434
"2762","Aln",-29,1.55862560961029
"2763","Aln",-28,1.55788044097527
"2764","Aln",-27,1.55714205185372
"2765","Aln",-26,1.55641060584373
"2766","Aln",-25,1.5556863761038
"2767","Aln",-24,1.55496978046274
"2768","Aln",-23,1.55426141652253
"2769","Aln",-22,1.55356209675357
"2770","Aln",-21,1.55287288358188
"2771","Aln",-20,1.55219512446734
"2772","Aln",-19,1.55153048697191
"2773","Aln",-18,1.55088098904867
"2774","Aln",-17,1.55024901024608
"2775","Aln",-16,1.54963727428984
"2776","Aln",-15,1.54904881257574
"2777","Aln",-14,1.54848692287462
"2778","Aln",-13,1.54795512801468
"2779","Aln",-12,1.54745713453767
"2780","Aln",-11,1.5469967913257
"2781","Aln",-10,1.54657804819507
"2782","Aln",-9,1.5462049144533
"2783","Aln",-8,1.54588141741567
"2784","Aln",-7,1.54561156087727
"2785","Aln",-6,1.54539928353669
"2786","Aln",-5,1.54524841736747
"2787","Aln",-4,1.54516264593354
"2788","Aln",-3,1.54514546264486
"2789","Aln",-2,1.5452001289497
"2790","Aln",-1,1.54532963574006
"2791","Aln",0,1.5455366778066
"2792","Aln",1,1.5458236478997
"2793","Aln",2,1.54619264383455
"2794","Aln",3,1.54664547879827
"2795","Aln",4,1.5471836915773
"2796","Aln",5,1.54780855670319
"2797","Aln",6,1.54852109451532
"2798","Aln",7,1.54932208113935
"2799","Aln",8,1.55021205838032
"2800","Aln",9,1.55119134352969
"2801","Aln",10,1.5522600390858
"2802","Aln",11,1.55341804238739
"2803","Aln",12,1.55466505516006
"2804","Aln",13,1.55600059297589
"2805","Aln",14,1.55742399462634
"2806","Aln",15,1.55893443120899
"2807","Aln",16,1.56053091432852
"2808","Aln",17,1.56221230301278
"2809","Aln",18,1.56397730974481
"2810","Aln",19,1.56582450621231
"2811","Aln",20,1.56775232897552
"2812","Aln",21,1.56975908505526
"2813","Aln",22,1.57184295744233
"2814","Aln",23,1.5740020105301
"2815","Aln",24,1.57623419547206
"2816","Aln",25,1.57853735546612
"2817","Aln",26,1.58090923096772
"2818","Aln",27,1.58334746483378
"2819","Aln",28,1.58584960739987
"2820","Aln",29,1.58841312149259
"2821","Aln",30,1.59103538737988
"2822","Aln",31,1.59371370766146
"2823","Aln",32,1.59644531123219
"2824","Aln",33,1.59922735371109
"2825","Aln",34,1.60205691259898
"2826","Aln",35,1.60493097890718
"2827","Aln",36,1.60784644787016
"2828","Aln",37,1.61080010961478
"2829","Aln",38,1.61378863978925
"2830","Aln",39,1.61680859015494
"2831","Aln",40,1.6198563791443
"2832","Aln",41,1.62292828238818
"2833","Aln",42,1.62602042321612
"2834","Aln",43,1.62912876313323
"2835","Aln",44,1.63224909227739
"2836","Aln",45,1.6353770198608
"2837","Aln",46,1.63850796459988
"2838","Aln",47,1.6416371451379
"2839","Aln",48,1.64475957046476
"2840","Aln",49,1.64787003380541
"2841","Aln",50,1.6509631203823
"2842","Aln",51,1.6540332359906
"2843","Aln",52,1.6570746494578
"2844","Aln",53,1.66008153859251
"2845","Aln",54,1.66304803616138
"2846","Aln",55,1.66596827589959
"2847","Aln",56,1.66883643856078
"2848","Aln",57,1.67164679801195
"2849","Aln",58,1.67439376737914
"2850","Aln",59,1.67707194524928
"2851","Aln",60,1.67967616193379
"2852","Aln",61,1.68220152579907
"2853","Aln",62,1.68464346966893
"2854","Aln",63,1.68699779730367
"2855","Aln",64,1.68926072996031
"2856","Aln",65,1.69142895303793
"2857","Aln",66,1.69349965741929
"2858","Aln",67,1.69547055933379
"2859","Aln",68,1.69733988795941
"2860","Aln",69,1.69910635155101
"2861","Aln",70,1.70076909827477
"2862","Aln",71,1.70232767714261
"2863","Aln",72,1.70378199904749
"2864","Aln",73,1.70513229790005
"2865","Aln",74,1.70637909186664
"2866","Aln",75,1.70752314470866
"2867","Aln",76,1.70856542722253
"2868","Aln",77,1.70950707877972
"2869","Aln",78,1.7103493689659
"2870","Aln",79,1.71109365931803
"2871","Aln",80,1.71174136515823
"2872","Aln",81,1.71229391752314
"2873","Aln",82,1.71275272518737
"2874","Aln",83,1.71311914072927
"2875","Aln",84,1.71339444248639
"2876","Aln",85,1.71357984029852
"2877","Aln",86,1.71367649713788
"2878","Aln",87,1.7136855547765
"2879","Aln",88,1.71360815954009
"2880","Aln",89,1.7134454881473
"2881","Aln",90,1.71319877363311
"2882","Aln",91,1.71286933135543
"2883","Aln",92,1.71245858508341
"2884","Aln",93,1.71196809316638
"2885","Aln",94,1.71139957478198
"2886","Aln",95,1.71075493626184
"2887","Aln",96,1.71003629749322
"2888","Aln",97,1.70924601839477
"2889","Aln",98,1.70838672546424
"2890","Aln",99,1.70746133839582
"2891","Aln",100,1.70647309065441
"2892","Aln",101,1.70542552567277
"2893","Aln",102,1.70432245644813
"2894","Aln",103,1.70316790075514
"2895","Aln",104,1.70196601030252
"2896","Aln",105,1.70072099993989
"2897","Aln",106,1.69943707691062
"2898","Aln",107,1.69811837014669
"2899","Aln",108,1.69676885960158
"2900","Aln",109,1.69539230561705
"2901","Aln",110,1.69399217832008
"2902","Aln",111,1.69257158704634
"2903","Aln",112,1.69113320978666
"2904","Aln",113,1.68967922265388
"2905","Aln",114,1.68821122936704
"2906","Aln",115,1.68673019855967
"2907","Aln",116,1.68523643233565
"2908","Aln",117,1.6837295816887
"2909","Aln",118,1.68220869316834
"2910","Aln",119,1.68067226336731
"2911","Aln",120,1.67911829342289
"2912","Aln",121,1.67754434353368
"2913","Aln",122,1.67594758749367
"2914","Aln",123,1.67432486724589
"2915","Aln",124,1.67267274745854
"2916","Aln",125,1.67098757012653
"2917","Aln",126,1.66926550920174
"2918","Aln",127,1.66750262525561
"2919","Aln",128,1.66569492017768
"2920","Aln",129,1.66383839191403
"2921","Aln",130,1.66192908544832
"2922","Aln",131,1.65996312862659
"2923","Aln",132,1.65793674522761
"2924","Aln",133,1.6558462528846
"2925","Aln",134,1.6536880572647
"2926","Aln",135,1.65145864631099
"2927","Aln",136,1.64915458455033
"2928","Aln",137,1.64677250747064
"2929","Aln",138,1.64430911597088
"2930","Aln",139,1.6417611708869
"2931","Aln",140,1.6391254875967
"2932","Aln",141,1.63639893070786
"2933","Aln",142,1.63357840883052
"2934","Aln",143,1.63066086943894
"2935","Aln",144,1.62764329382451
"2936","Aln",145,1.62452269214329
"2937","Aln",146,1.62129609915253
"2938","Aln",147,1.6179605724131
"2939","Aln",148,1.61451319414391
"2940","Aln",149,1.61095107554798
"2941","Aln",150,1.60727136183901
"2942","Aln",151,1.60347123737976
"2943","Aln",152,1.59954793093487
"2944","Aln",153,1.59549872104116
"2945","Aln",154,1.59132094149775
"2946","Aln",155,1.58701198697903
"2947","Aln",156,1.5825693187727
"2948","Aln",157,1.57799047064571
"2949","Aln",158,1.57327305484043
"2950","Aln",159,1.56841476820345
"2951","Aln",160,1.56341339844939
"2952","Aln",161,1.55826683056195
"2953","Aln",162,1.55297305333424
"2954","Aln",163,1.54753016605069
"2955","Aln",164,1.5419363853122
"2956","Aln",165,1.53619005200664
"2957","Aln",166,1.53028963842625
"2958","Aln",167,1.52423375553367
"2959","Aln",168,1.51802116037802
"2960","Aln",169,1.51165076366239
"2961","Aln",170,1.50512163746397
"2962","Aln",171,1.49843302310789
"2963","Aln",172,1.49158433919558
"2964","Aln",173,1.48457518978852
"2965","Aln",174,1.47740537274784
"2966","Aln",175,1.47007488823017
"2967","Aln",176,1.46258394733999
"2968","Aln",177,1.4549329809384
"2969","Aln",178,1.44712264860813
"2970","Aln",179,1.43915384777441
"2971","Aln",180,1.43102772298096
"2972","Aln",181,1.42274567532032
"2973","Aln",182,1.41430937201729
"2974","Aln",183,1.40572075616428
"2975","Aln",184,1.3969820566067
"2976","Aln",185,1.38809579797675
"2977","Aln",186,1.37906481087321
"2978","Aln",187,1.36989224218494
"2979","Aln",188,1.36058156418426
"2980","Aln",189,1.35113657827442
"2981","Aln",190,1.34156141064582
"2982","Aln",191,1.33186050257923
"2983","Aln",192,1.32203859950474
"2984","Aln",193,1.31210074018312
"2985","Aln",194,1.30205224600491
"2986","Aln",195,1.29189871040234
"2987","Aln",196,1.28164598836897
"2988","Aln",197,1.27130018608155
"2989","Aln",198,1.26086765061836
"2990","Aln",199,1.25035495976815
"2991","Aln",200,1.23976891192355
"2992","Aln",201,1.22911651605235
"2993","Aln",202,1.21840498174028
"2994","Aln",203,1.20764170929826
"2995","Aln",204,1.19683427992722
"2996","Aln",205,1.18599044593323
"2997","Aln",206,1.17511812098559
"2998","Aln",207,1.16422537041031
"2999","Aln",208,1.15332040098801
"3000","Aln",209,1.14241154867869
"3001","Aln",210,1.13150726321887
"3002","Aln",211,1.12061609062942
"3003","Aln",212,1.10974665519576
"3004","Aln",213,1.09890764143506
"3005","Aln",214,1.08810777604246
"3006","Aln",215,1.07735580980739
"3007","Aln",216,1.06666049949194
"3008","Aln",217,1.05603058966239
"3009","Aln",218,1.04547479446566
"3010","Aln",219,1.03500177934198
"3011","Aln",220,1.02462014266536
"3012","Aln",221,1.0143383973035
"3013","Aln",222,1.00416495208861
"3014","Aln",223,0.994108093191027
"3015","Aln",224,0.984175965387303
"3016","Aln",225,0.974376553214796
"3017","Aln",226,0.964717662004779
"3018","Aln",227,0.955206898786331
"3019","Aln",228,0.945851653053383
"3020","Aln",229,0.936659077387553
"3021","Aln",230,0.927636067929539
"3022","Aln",231,0.91878924469214
"3023","Aln",232,0.910124931708183
"3024","Aln",233,0.901649138736389
"3025","Aln",234,0.893367549707439
"3026","Aln",235,0.88528552136334
"3027","Aln",236,0.877408088625613
"3028","Aln",237,0.869739971498646
"3029","Aln",238,0.862285581773848
"3030","Aln",239,0.855049029529989
"3031","Aln",240,0.84803412942543
"3032","Aln",241,0.841244406778236
"3033","Aln",242,0.834683103430447
"3034","Aln",243,0.828353183393069
"3035","Aln",244,0.822257338268634
"3036","Aln",245,0.816397992448422
"3037","Aln",246,0.81077730808173
"3038","Aln",247,0.805397189814828
"3039","Aln",248,0.800259289297475
"3040","Aln",249,0.795365009455155
"3041","Aln",250,0.790715508525414
"3042","Aln",251,0.786311703856927
"3043","Aln",252,0.782154275470168
"3044","Aln",253,0.778243669378787
"3045","Aln",254,0.774580100671031
"3046","Aln",255,0.771163556350763
"3047","Aln",256,0.767993797937889
"3048","Aln",257,0.76507036382818
"3049","Aln",258,0.762392571412736
"3050","Aln",259,0.75995951895754
"3051","Aln",260,0.757770087243754
"3052","Aln",261,0.755822940969656
"3053","Aln",262,0.754116529915279
"3054","Aln",263,0.752649089871089
"3055","Aln",264,0.751418643332171
"3056","Aln",265,0.750422999959682
"3057","Aln",266,0.749659756811464
"3058","Aln",267,0.749126298343972
"3059","Aln",268,0.748819796187857
"3060","Aln",269,0.748737208699735
"3061","Aln",270,0.748875280292923
"3062","Aln",271,0.749230540550092
"3063","Aln",272,0.749799303121003
"3064","Aln",273,0.75057766440873
"3065","Aln",274,0.75156150204794
"3066","Aln",275,0.752746473179051
"3067","Aln",276,0.754128012522274
"3068","Aln",277,0.755701330255776
"3069","Aln",278,0.757461409702423
"3070","Aln",279,0.75940300482975
"3071","Aln",280,0.761520638855222
"3072","Aln",281,0.763808607823371
"3073","Aln",282,0.76626099173443
"3074","Aln",283,0.768871670655743
"3075","Aln",284,0.771634341960204
"3076","Aln",285,0.77454253741055
"3077","Aln",286,0.77758964009563
"3078","Aln",287,0.780768901224945
"3079","Aln",288,0.784073456787897
"3080","Aln",289,0.787496344084325
"3081","Aln",290,0.791030518132992
"3082","Aln",291,0.794668867964813
"3083","Aln",292,0.798404232807676
"3084","Aln",293,0.802229418169778
"3085","Aln",294,0.806137211828439
"3086","Aln",295,0.81012039973141
"3087","Aln",296,0.814171781817685
"3088","Aln",297,0.818284187764839
"3089","Aln",298,0.822450492669902
"3090","Aln",299,0.826663632670755
"3091","Aln",300,0.830916620514969
"3092","Aln",301,0.83520256108297
"3093","Aln",302,0.839514666872339
"3094","Aln",303,0.843846273449945
"3095","Aln",304,0.848190854878514
"3096","Aln",305,0.852542039124148
"3097","Aln",306,0.856893623451107
"3098","Aln",307,0.861239589810087
"3099","Aln",308,0.865574120226011
"3100","Aln",309,0.869891612191202
"3101","Aln",310,0.874186694069591
"3102","Aln",311,0.878454240517416
"3103","Aln",312,0.882689386689024
"3104","Aln",313,0.886887537522911
"3105","Aln",314,0.891044369639523
"3106","Aln",315,0.895155828328504
"3107","Aln",316,0.899218123339461
"3108","Aln",317,0.903227724716819
"3109","Aln",318,0.907181358682444
"3110","Aln",319,0.911076003569496
"3111","Aln",320,0.914908885810693
"3112","Aln",321,0.918677475983927
"3113","Aln",322,0.92237948491795
"3114","Aln",323,0.926012859860589
"3115","Aln",324,0.92957578071172
"3116","Aln",325,0.933066656323011
"3117","Aln",326,0.9364841208662
"3118","Aln",327,0.939827030271469
"3119","Aln",328,0.94309445873724
"3120","Aln",329,0.946285695312511
"3121","Aln",330,0.949400240552644
"3122","Aln",331,0.95243780324928
"3123","Aln",332,0.955398297234893
"3124","Aln",333,0.958281838262249
"3125","Aln",334,0.961088740958869
"3126","Aln",335,0.963819515856376
"3127","Aln",336,0.966474866494421
"3128","Aln",337,0.969055686598701
"3129","Aln",338,0.971563057332372
"3130","Aln",339,0.973998244620004
"3131","Aln",340,0.976362696543
"3132","Aln",341,0.978658040182075
"3133","Aln",342,0.980886076035727
"3134","Aln",343,0.983048768766735
"3135","Aln",344,0.985148235521331
"3136","Aln",345,0.987186733688757
"3137","Aln",346,0.98916664872237
"3138","Aln",347,0.991090482020088
"3139","Aln",348,0.992960838861864
"3140","Aln",349,0.994780416401754
"3141","Aln",350,0.996551991712057
"3142","Aln",351,0.998278409876885
"3143","Aln",352,0.999962572132482
"3144","Aln",353,1.00160742405151
"3145","Aln",354,1.0032159437685
"3146","Aln",355,1.00479113024356
"3147","Aln",356,1.00633599156155
"3148","Aln",357,1.00785353326363
"3149","Aln",358,1.00934674670841
"3150","Aln",359,1.01081859745978
"3151","Aln",360,1.01227201369837
"3152","Aln",361,1.01370987465386
"3153","Aln",362,1.01513499905533
"3154","Aln",363,1.01655013359677
"3155","Aln",364,1.01795794141499
"3156","Aln",365,1.01936099057739
"3157","Aln",366,1.02076174257683
"3158","Aln",367,1.02216254083126
"3159","Aln",368,1.02356559918558
"3160","Aln",369,1.0249729904136
"3161","Aln",370,1.02638663471778
"3162","Aln",371,1.02780828822487
"3163","Aln",372,1.02923953242158
"3164","Aln",373,1.03068176736668
"3165","Aln",374,1.03213621057009
"3166","Aln",375,1.03360389964552
"3167","Aln",376,1.03508569589735
"3168","Aln",377,1.03658228789466
"3169","Aln",378,1.03809419503164
"3170","Aln",379,1.03962177107363
"3171","Aln",380,1.04116520768835
"3172","Aln",381,1.04272453796189
"3173","Aln",382,1.04429963989937
"3174","Aln",383,1.0458902399102
"3175","Aln",384,1.04749591627797
"3176","Aln",385,1.04911610261539
"3177","Aln",386,1.05075009130458
"3178","Aln",387,1.05239703692326
"3179","Aln",388,1.05405595965765
"3180","Aln",389,1.05572574870267
"3181","Aln",390,1.05740516565067
"3182","Aln",391,1.05909284786954
"3183","Aln",392,1.06078731187156
"3184","Aln",393,1.0624869566742
"3185","Aln",394,1.06419006715444
"3186","Aln",395,1.065894817398
"3187","Aln",396,1.06759927404534
"3188","Aln",397,1.06930139963607
"3189","Aln",398,1.07099905595372
"3190","Aln",399,1.07269000737275
"3191","Aln",400,1.07437192421012
"3192","Aln",401,1.07604238608327
"3193","Aln",402,1.07769888527706
"3194","Aln",403,1.07933883012185
"3195","Aln",404,1.08095954838531
"3196","Aln",405,1.08255829068026
"3197","Aln",406,1.08413223389144
"3198","Aln",407,1.08567848462362
"3199","Aln",408,1.08719408267396
"3200","Aln",409,1.08867600453135
"3201","Aln",410,1.09012116758456
"3202","Aln",411,1.09152643707871
"3203","Aln",412,1.09288863718087
"3204","Aln",413,1.09420456479999
"3205","Aln",414,1.09547100412773
"3206","Aln",415,1.09668474122441
"3207","Aln",416,1.09784257865309
"3208","Aln",417,1.0989413501651
"3209","Aln",418,1.09997793543998
"3210","Aln",419,1.10094927488291
"3211","Aln",420,1.10185238448276
"3212","Aln",421,1.10268437073371
"3213","Aln",422,1.10344244562318
"3214","Aln",423,1.10412394168917
"3215","Aln",424,1.10472632714945
"3216","Aln",425,1.10524722110536
"3217","Aln",426,1.10568440882258
"3218","Aln",427,1.10603585709128
"3219","Aln",428,1.10629972966768
"3220","Aln",429,1.10647440279912
"3221","Aln",430,1.10655848083433
"3222","Aln",431,1.1065508101773
"3223","Aln",432,1.10645048635657
"3224","Aln",433,1.10625685072457
"3225","Aln",434,1.1059694802744
"3226","Aln",435,1.10558817580413
"3227","Aln",436,1.10511295017245
"3228","Aln",437,1.10454401664566
"3229","Aln",438,1.1038817773361
"3230","Aln",439,1.1031268117318
"3231","Aln",440,1.10227986531699
"3232","Aln",441,1.10134183828282
"3233","Aln",442,1.10031377432769
"3234","Aln",443,1.09919684954626
"3235","Aln",444,1.09799236140605
"3236","Aln",445,1.09670171781067
"3237","Aln",446,1.09532642624829
"3238","Aln",447,1.09386808302394
"3239","Aln",448,1.09232836257434
"3240","Aln",449,1.0907090068636
"3241","Aln",450,1.08901181525742
"3242","Aln",451,1.08723863607223
"3243","Aln",452,1.08539136059584
"3244","Aln",453,1.08347191877953
"3245","Aln",454,1.08148227540146
"3246","Aln",455,1.07942442630053
"3247","Aln",456,1.07730039467851
"3248","Aln",457,1.07511222746869
"3249","Aln",458,1.072861991769
"3250","Aln",459,1.07055177133759
"3251","Aln",460,1.06818366314891
"3252","Aln",461,1.06575977400816
"3253","Aln",462,1.06328221722229
"3254","Aln",463,1.06075310932518
"3255","Aln",464,1.05817456685525
"3256","Aln",465,1.05554870318319
"3257","Aln",466,1.05287762538798
"3258","Aln",467,1.05016343117889
"3259","Aln",468,1.04740820586167
"3260","Aln",469,1.04461401934666
"3261","Aln",470,1.04178292319696
"3262","Aln",471,1.03891694771449
"3263","Aln",472,1.03601809906216
"3264","Aln",473,1.03308835641987
"3265","Aln",474,1.03012966917271
"3266","Aln",475,1.02714395412914
"3267","Aln",476,1.02413309276753
"3268","Aln",477,1.02109892850895
"3269","Aln",478,1.01804326401448
"3270","Aln",479,1.01496785850536
"3271","Aln",480,1.01187442533999
"3272","Aln",481,1.00876463055451
"3273","Aln",482,1.00564009283714
"3274","Aln",483,1.00250238446275
"3275","Aln",484,0.999353032477739
"3276","Aln",485,0.996193519897909
"3277","Aln",486,0.993025286917609
"3278","Aln",487,0.989849732128836
"3279","Aln",488,0.986668213748854
"3280","Aln",489,0.983482050854958
"3281","Aln",490,0.980292524625075
"3282","Aln",491,0.977100879582906
"3283","Aln",492,0.973908324846365
"3284","Aln",493,0.970716035378097
"3285","Aln",494,0.9675251532369
"3286","Aln",495,0.964336788828909
"3287","Aln",496,0.961152022157418
"3288","Aln",497,0.957971904070265
"3289","Aln",498,0.954797457503727
"3290","Aln",499,0.9516296787219
"3291","Aln",500,0.948469538550564
"3292","Aln",501,0.945317983604558
"3293","Aln",502,0.942175937507739
"3294","Aln",503,0.939044302104564
"3295","Aln",504,0.935923958662442
"3296","Aln",505,0.932815769063929
"3297","Aln",506,0.929720576987948
"3298","Aln",507,0.926639209079159
"3299","Aln",508,0.923572476104687
"3300","Aln",509,0.920521174097378
"3301","Aln",510,0.917486085484802
"3302","Aln",511,0.914467980203232
"3303","Aln",512,0.911467616795825
"3304","Aln",513,0.908485743494265
"3305","Aln",514,0.905523099283114
"3306","Aln",515,0.902580414946167
"3307","Aln",516,0.899658414094052
"3308","Aln",517,0.896757814172405
"3309","Aln",518,0.893879327449882
"3310","Aln",519,0.89102366198532
"3311","Aln",520,0.888191522573361
"3312","Aln",521,0.885383611667833
"3313","Aln",522,0.882600630282206
"3314","Aln",523,0.879843278866453
"3315","Aln",524,0.877112258159602
"3316","Aln",525,0.87440827001733
"3317","Aln",526,0.871732018213887
"3318","Aln",527,0.869084209217686
"3319","Aln",528,0.866465552939862
"3320","Aln",529,0.863876763455116
"3321","Aln",530,0.861318559694145
"3322","Aln",531,0.858791666106977
"3323","Aln",532,0.856296813296492
"3324","Aln",533,0.853834738621429
"3325","Aln",534,0.851406186768183
"3326","Aln",535,0.849011910290639
"3327","Aln",536,0.846652670117355
"3328","Aln",537,0.844329236025329
"3329","Aln",538,0.842042387079635
"3330","Aln",539,0.83979291203815
"3331","Aln",540,0.83758160972064
"3332","Aln",541,0.835409289341417
"3333","Aln",542,0.833276770804796
"3334","Aln",543,0.831184884962564
"3335","Aln",544,0.829134473832656
"3336","Aln",545,0.82712639077824
"3337","Aln",546,0.825161500646374
"3338","Aln",547,0.823240679865423
"3339","Aln",548,0.82136481650037
"3340","Aln",549,0.819534810265193
"3341","Aln",550,0.817751572491417
"3342","Aln",551,0.816016026051986
"3343","Aln",552,0.814329105239554
"3344","Aln",553,0.812691755598299
"3345","Aln",554,0.811104933708348
"3346","Aln",555,0.809569606921902
"3347","Aln",556,0.808086753050109
"3348","Aln",557,0.806657359999769
"3349","Aln",558,0.805282425358887
"3350","Aln",559,0.803962955930145
"3351","Aln",560,0.802699967211292
"3352","Aln",561,0.801494482821491
"3353","Aln",562,0.800347533872624
"3354","Aln",563,0.799260158284561
"3355","Aln",564,0.798233400043386
"3356","Aln",565,0.797268308401577
"3357","Aln",566,0.79636593701911
"3358","Aln",567,0.795527343044476
"3359","Aln",568,0.794753586134581
"3360","Aln",569,0.7940457274125
"3361","Aln",570,0.793404828362047
"3362","Aln",571,0.792831949658142
"3363","Aln",572,0.792328149931924
"3364","Aln",573,0.791894484469587
"3365","Aln",574,0.791532003843912
"3366","Aln",575,0.791241752477453
"3367","Aln",576,0.79102476713637
"3368","Aln",577,0.790882075353881
"3369","Aln",578,0.790814693782323
"3370","Aln",579,0.79082362647284
"3371","Aln",580,0.790909863081676
"3372","Aln",581,0.791074377002126
"3373","Aln",582,0.791318123421168
"3374","Aln",583,0.791642037299821
"3375","Aln",584,0.792047031276317
"3376","Aln",585,0.792533993491166
"3377","Aln",586,0.793103785333222
"3378","Aln",587,0.7937572391059
"3379","Aln",588,0.794495155612687
"3380","Aln",589,0.795318301661157
"3381","Aln",590,0.796227407484696
"3382","Aln",591,0.797223164081195
"3383","Aln",592,0.798306220468005
"3384","Aln",593,0.799477180852477
"3385","Aln",594,0.800736601717461
"3386","Aln",595,0.802084988821166
"3387","Aln",596,0.803522794110861
"3388","Aln",597,0.805050412549896
"3389","Aln",598,0.806668178857635
"3390","Aln",599,0.808376364161897
"3391","Aln",600,0.810175172563585
"3392","Aln",601,0.812064737613247
"3393","Aln",602,0.814045118699364
"3394","Aln",603,0.816116297348241
"3395","Aln",604,0.818278173435446
"3396","Aln",605,0.820530561308807
"3397","Aln",606,0.822873185823084
"3398","Aln",607,0.825305678286484
"3399","Aln",608,0.827827572319289
"3400","Aln",609,0.830438299624977
"3401","Aln",610,0.833137185674261
"3402","Aln",611,0.835923445302634
"3403","Aln",612,0.838796178222062
"3404","Aln",613,0.841754364447585
"3405","Aln",614,0.844796859639732
"3406","Aln",615,0.847922390363716
"3407","Aln",616,0.85112954926655
"3408","Aln",617,0.854416790173311
"3409","Aln",618,0.857782423103935
"3410","Aln",619,0.86122460921205
"3411","Aln",620,0.864741355647494
"3412","Aln",621,0.868330510344312
"3413","Aln",622,0.871989756736183
"3414","Aln",623,0.875716608401369
"3415","Aln",624,0.879508403639445
"3416","Aln",625,0.883362299982249
"3417","Aln",626,0.887275268641623
"3418","Aln",627,0.891244088896752
"3419","Aln",628,0.895265342424016
"3420","Aln",629,0.899335407572532
"3421","Aln",630,0.903450453588692
"3422","Aln",631,0.907606434793251
"3423","Aln",632,0.911799084714676
"3424","Aln",633,0.916023910182729
"3425","Aln",634,0.920276185386423
"3426","Aln",635,0.924550945900736
"3427","Aln",636,0.928842982686702
"3428","Aln",637,0.933146836069707
"3429","Aln",638,0.937456793790862
"3430","Aln",639,0.94176690540617
"3431","Aln",640,0.94607102121862
"3432","Aln",641,0.950362847569398
"3433","Aln",642,0.954636006224812
"3434","Aln",643,0.95888409377523
"3435","Aln",644,0.963100741052222
"3436","Aln",645,0.967279672570109
"3437","Aln",646,0.971414765998114
"3438","Aln",647,0.975500111669174
"3439","Aln",648,0.979530072131376
"3440","Aln",649,0.983499341747734
"3441","Aln",650,0.987403006349764
"3442","Aln",651,0.991236602950017
"3443","Aln",652,0.994996179518312
"3444","Aln",653,0.998678349251958
"3445","Aln",654,1.00228032262169
"3446","Aln",655,1.0057999060485
"3447","Aln",656,1.00923547836222
"3448","Aln",657,1.01258596176602
"3449","Aln",658,1.01585079288253
"3450","Aln",659,1.01902989388265
"3451","Aln",660,1.0221236436975
"3452","Aln",661,1.02513284931379
"3453","Aln",662,1.02805871715205
"3454","Aln",663,1.03090282452715
"3455","Aln",664,1.03366709118972
"3456","Aln",665,1.03635375094719
"3457","Aln",666,1.03896532336242
"3458","Aln",667,1.04150458552778
"3459","Aln",668,1.04397454391232
"3460","Aln",669,1.04637840627931
"3461","Aln",670,1.04871955367112
"3462","Aln",671,1.05100151245853
"3463","Aln",672,1.05322792645098
"3464","Aln",673,1.05540252906451
"3465","Aln",674,1.05752911554375
"3466","Aln",675,1.05961151523434
"3467","Aln",676,1.06165356390221
"3468","Aln",677,1.06365907609578
"3469","Aln",678,1.06563181754762
"3470","Aln",679,1.06757547761163
"3471","Aln",680,1.06949364173227
"3472","Aln",681,1.07138976394214
"3473","Aln",682,1.0732671423686
"3474","Aln",683,1.07512890669876
"3475","Aln",684,1.07697802356774
"3476","Aln",685,1.078817313899
"3477","Aln",686,1.08064947324119
"3478","Aln",687,1.0824770921147
"3479","Aln",688,1.08430267636514
"3480","Aln",689,1.08612866752133
"3481","Aln",690,1.08795746315529
"3482","Aln",691,1.08979143724184
"3483","Aln",692,1.09163296051553
"3484","Aln",693,1.09348442082246
"3485","Aln",694,1.09534824346475
"3486","Aln",695,1.09722691153538
"3487","Aln",696,1.09912298624085
"3488","Aln",697,1.10103912720942
"3489","Aln",698,1.1029781103711
"3490","Aln",699,1.1049428361735
"3491","Aln",700,1.10693632330822
"3492","Aln",701,1.10896169276763
"3493","Aln",702,1.11102214946226
"3494","Aln",703,1.11312096380718
"3495","Aln",704,1.11526145327409
"3496","Aln",705,1.1174469639061
"3497","Aln",706,1.11968085179176
"3498","Aln",707,1.12196646449538
"3499","Aln",708,1.12430712244003
"3500","Aln",709,1.1267061002403
"3501","Aln",710,1.12916660798139
"3502","Aln",711,1.13169177244138
"3503","Aln",712,1.13428461825364
"3504","Aln",713,1.13694804900621
"3505","Aln",714,1.13968482827541
"3506","Aln",715,1.14249756198565
"3507","Aln",716,1.14538868627818
"3508","Aln",717,1.14836046367617
"3509","Aln",718,1.15141498475374
"3510","Aln",719,1.15455417112153
"3511","Aln",720,1.15777977833172
"3512","Aln",721,1.16109339870067
"3513","Aln",722,1.16449646404735
"3514","Aln",723,1.16799024834616
"3515","Aln",724,1.17157587029266
"3516","Aln",725,1.17525429578093
"3517","Aln",726,1.17902634029159
"3518","Aln",727,1.18289267118942
"3519","Aln",728,1.18685380992978
"3520","Aln",729,1.19091013417336
"3521","Aln",730,1.19506187980849
"3522","Aln",731,1.19930914288085
"3523","Aln",732,1.2036518814302
"3524","Aln",733,1.20808991723417
"3525","Aln",734,1.21262293745906
"3526","Aln",735,1.21725049621783
"3527","Aln",736,1.2219720160356
"3528","Aln",737,1.22678678922315
"3529","Aln",738,1.23169397915882
"3530","Aln",739,1.23669262147976
"3531","Aln",740,1.24178162518301
"3532","Aln",741,1.24695977363767
"3533","Aln",742,1.25222572550903
"3534","Aln",743,1.2575780155959
"3535","Aln",744,1.26301505558243
"3536","Aln",745,1.26853513470586
"3537","Aln",746,1.27413642034181
"3538","Aln",747,1.27981695850864
"3539","Aln",748,1.28557467429274
"3540","Aln",749,1.29140737219676
"3541","Aln",750,1.29731273606915
"3542","Aln",751,1.30328832758747
"3543","Aln",752,1.30933158261056
"3544","Aln",753,1.31543980608909
"3545","Aln",754,1.32161016656672
"3546","Aln",755,1.32783969061812
"3547","Aln",756,1.33412525722648
"3548","Aln",757,1.34046359210344
"3549","Aln",758,1.34685126148019
"3550","Aln",759,1.3532846639501
"3551","Aln",760,1.3597600194176
"3552","Aln",761,1.36627335610544
"3553","Aln",762,1.37282049704684
"3554","Aln",763,1.37939704654079
"3555","Aln",764,1.38599837657448
"3556","Aln",765,1.39261961321719
"3557","Aln",766,1.39925563012754
"3558","Aln",767,1.40590107059108
"3559","Aln",768,1.41255041236797
"3560","Aln",769,1.41919806108109
"3561","Aln",770,1.42583845073788
"3562","Aln",771,1.4324661442537
"3563","Aln",772,1.43907593398229
"3564","Aln",773,1.44566293295509
"3565","Aln",774,1.45222262892436
"3566","Aln",775,1.45875088260809
"3567","Aln",776,1.46524388874789
"3568","Aln",777,1.47169812789396
"3569","Aln",778,1.47811031822426
"3570","Aln",779,1.48447736740132
"3571","Aln",780,1.49079632555148
"3572","Aln",781,1.49706434261364
"3573","Aln",782,1.50327863222362
"3574","Aln",783,1.50943643997385
"3575","Aln",784,1.51553501280678
"3576","Aln",785,1.52157156846344
"3577","Aln",786,1.5275432649896
"3578","Aln",787,1.53344717030253
"3579","Aln",788,1.53928023442995
"3580","Aln",789,1.54503927225156
"3581","Aln",790,1.55072096196405
"3582","Aln",791,1.55632185405473
"3583","Aln",792,1.56183838295961
"3584","Aln",793,1.56726687880038
"3585","Aln",794,1.57260357920346
"3586","Aln",795,1.57784464120506
"3587","Aln",796,1.58298615358995
"3588","Aln",797,1.58802415070083
"3589","Aln",798,1.59295462841067
"3590","Aln",799,1.59777356157339
"3591","Aln",800,1.60247692192347
"3592","Aln",801,1.60706069608444
"3593","Aln",802,1.61152090368983
"3594","Aln",803,1.61585361562072
"3595","Aln",804,1.62005497236362
"3596","Aln",805,1.62412120695428
"3597","Aln",806,1.62804868589617
"3598","Aln",807,1.63183397698079
"3599","Aln",808,1.63547393508974
"3600","Aln",809,1.63896579259701
"3601","Aln",810,1.64230724991262
"3602","Aln",811,1.64549656617039
"3603","Aln",812,1.64853265006194
"3604","Aln",813,1.65141515081869
"3605","Aln",814,1.65414454934273
"3606","Aln",815,1.65672223543442
"3607","Aln",816,1.65915052895828
"3608","Aln",817,1.66143261684074
"3609","Aln",818,1.66357243400259
"3610","Aln",819,1.66557453038099
"3611","Aln",820,1.66744393808976
"3612","Aln",821,1.66918603871367
"3613","Aln",822,1.67080643073185
"3614","Aln",823,1.67231079706512
"3615","Aln",824,1.67370478151974
"3616","Aln",825,1.67499390045579
"3617","Aln",826,1.67618350723033
"3618","Aln",827,1.67727879185436
"3619","Aln",828,1.67828478952467
"3620","Aln",829,1.6792063892477
"3621","Aln",830,1.68004834255043
"3622","Aln",831,1.68081527227366
"3623","Aln",832,1.68151168157124
"3624","Aln",833,1.68214196349618
"3625","Aln",834,1.68271041142585
"3626","Aln",835,1.68322123006528
"3627","Aln",836,1.68367854663917
"3628","Aln",837,1.68408642214008
"3629","Aln",838,1.68444886262881
"3630","Aln",839,1.68476983058289
"3631","Aln",840,1.68505325409529
"3632","Aln",841,1.68530302733635
"3633","Aln",842,1.68552299788702
"3634","Aln",843,1.68571694532776
"3635","Aln",844,1.68588855766235
"3636","Aln",845,1.68604140776707
"3637","Aln",846,1.68617892986174
"3638","Aln",847,1.68630439599903
"3639","Aln",848,1.6864208951284
"3640","Aln",849,1.68653132240987
"3641","Aln",850,1.68663838389386
"3642","Aln",851,1.686744611445
"3643","Aln",852,1.68685238022894
"3644","Aln",853,1.68696392619998
"3645","Aln",854,1.68708136358726
"3646","Aln",855,1.68720670237742
"3647","Aln",856,1.68734186579142
"3648","Aln",857,1.68748870794199
"3649","Aln",858,1.6876490322339
"3650","Aln",859,1.68782461088173
"3651","Aln",860,1.68801720516695
"3652","Aln",861,1.68822858586832
"3653","Aln",862,1.68846055367562
"3654","Aln",863,1.68871495958518
"3655","Aln",864,1.68899372527522
"3656","Aln",865,1.68929886080284
"3657","Aln",866,1.68963247165106
"3658","Aln",867,1.68999674981112
"3659","Aln",868,1.69039395421071
"3660","Aln",869,1.69082638845597
"3661","Aln",870,1.6912963785412
"3662","Aln",871,1.69180625052436
"3663","Aln",872,1.69235830816595
"3664","Aln",873,1.69295480938338
"3665","Aln",874,1.69359793808216
"3666","Aln",875,1.69428976907039
"3667","Aln",876,1.6950322283456
"3668","Aln",877,1.69582705218868
"3669","Aln",878,1.69667574620861
"3670","Aln",879,1.69757954433619
"3671","Aln",880,1.69853936776546
"3672","Aln",881,1.69955578384161
"3673","Aln",882,1.7006289648944
"3674","Aln",883,1.70175865375161
"3675","Aln",884,1.7029441561371
"3676","Aln",885,1.70418437342364
"3677","Aln",886,1.7054778622713
"3678","Aln",887,1.70682290094759
"3679","Aln",888,1.70821755559585
"3680","Aln",889,1.70965974645351
"3681","Aln",890,1.71114731402207
"3682","Aln",891,1.71267808519083
"3683","Aln",892,1.7142499298987
"3684","Aln",893,1.71586078008347
"3685","Aln",894,1.71750859208507
"3686","Aln",895,1.71919127134039
"3687","Aln",896,1.72090658762444
"3688","Aln",897,1.72265209025755
"3689","Aln",898,1.72442502328097
"3690","Aln",899,1.7262222406031
"3691","Aln",900,1.72804012111927
"3692","Aln",901,1.72987449670566
"3693","Aln",902,1.73172063178401
"3694","Aln",903,1.73357328025628
"3695","Aln",904,1.73542679401874
"3696","Aln",905,1.73727524436757
"3697","Aln",906,1.73911254340367
"3698","Aln",907,1.74093256544255
"3699","Aln",908,1.74272926843508
"3700","Aln",909,1.74449681064778
"3701","Aln",910,1.74622964833645
"3702","Aln",911,1.74792260490438
"3703","Aln",912,1.74957092106496
"3704","Aln",913,1.75117030028568
"3705","Aln",914,1.7527169542754
"3706","Aln",915,1.75420764851898
"3707","Aln",916,1.75563974786316
"3708","Aln",917,1.75701126215656
"3709","Aln",918,1.75832088335538
"3710","Aln",919,1.75956798832341
"3711","Aln",920,1.76075259014537
"3712","Aln",921,1.76187525513643
"3713","Aln",922,1.76293701132121
"3714","Aln",923,1.76393925697302
"3715","Aln",924,1.76488366921217
"3716","Aln",925,1.76577211266216
"3717","Aln",926,1.76660654816215
"3718","Aln",927,1.7673889415339
"3719","Aln",928,1.76812117240136
"3720","Aln",929,1.76880494306096
"3721","Aln",930,1.76944169738823
"3722","Aln",931,1.77003257974098
"3723","Aln",932,1.77057845383225
"3724","Aln",933,1.77107996159736
"3725","Aln",934,1.77153759209224
"3726","Aln",935,1.77195175043506
"3727","Aln",936,1.7723228267906
"3728","Aln",937,1.77265126539707
"3729","Aln",938,1.77293763363484
"3730","Aln",939,1.77318269113665
"3731","Aln",940,1.77338745893875
"3732","Aln",941,1.77355328204445
"3733","Aln",942,1.77368186551597
"3734","Aln",943,1.77377527083795
"3735","Aln",944,1.77383588580623
"3736","Aln",945,1.77386638782313
"3737","Aln",946,1.77386970722443
"3738","Aln",947,1.77384899063565
"3739","Aln",948,1.77380756435474
"3740","Aln",949,1.77374889775799
"3741","Aln",950,1.77367656672617
"3742","Aln",951,1.77359421708733
"3743","Aln",952,1.77350552807292
"3744","Aln",953,1.77341417518739
"3745","Aln",954,1.77332379069873
"3746","Aln",955,1.77323792055401
"3747","Aln",956,1.77315997890873
"3748","Aln",957,1.77309320205565
"3749","Aln",958,1.77304060234594
"3750","Aln",959,1.77300492209954
"3751","Aln",960,1.77298858750187
"3752","Aln",961,1.77299366248422
"3753","Aln",962,1.77302180258538
"3754","Aln",963,1.77307420879275
"3755","Aln",964,1.77315158136106
"3756","Aln",965,1.77325407897393
"3757","Aln",966,1.77338129934614
"3758","Aln",967,1.77353229199875
"3759","Aln",968,1.77370559247515
"3760","Aln",969,1.77389926190041
"3761","Aln",970,1.7741109265191
"3762","Aln",971,1.77433781721345
"3763","Aln",972,1.77457680900425
"3764","Aln",973,1.77482446053697
"3765","Aln",974,1.77507705355634
"3766","Aln",975,1.77533063237262
"3767","Aln",976,1.77558103934071
"3768","Aln",977,1.77582393440901
"3769","Aln",978,1.77605479077725
"3770","Aln",979,1.77626887463217
"3771","Aln",980,1.77646122091271
"3772","Aln",981,1.77662660909168
"3773","Aln",982,1.77675953897871
"3774","Aln",983,1.77685420654958
"3775","Aln",984,1.77690447980736
"3776","Aln",985,1.77690387468099
"3777","Aln",986,1.7768455309673
"3778","Aln",987,1.77672218832272
"3779","Aln",988,1.77652617068794
"3780","Aln",989,1.77624940428146
"3781","Aln",990,1.77588348592249
"3782","Aln",991,1.77541978493813
"3783","Aln",992,1.77484955353388
"3784","Aln",993,1.77416403725956
"3785","Aln",994,1.77335458557896
"3786","Aln",995,1.7724127625518
"3787","Aln",996,1.77133045763642
"3788","Aln",997,1.77009999662114
"3789","Aln",998,1.76871425269247
"3790","Aln",999,1.76716675764729
"3791","Aln",1000,1.76545181325608
"3792","Aln",1001,1.76356459272257
"3793","Aln",1002,1.76150120206282
"3794","Aln",1003,1.75925868128691
"3795","Aln",1004,1.75683496550854
"3796","Aln",1005,1.75422883616789
"3797","Aln",1006,1.75143987243069
"3798","Aln",1007,1.74846840276462
"3799","Aln",1008,1.7453154566935
"3800","Aln",1009,1.74198271672894
"3801","Aln",1010,1.7384724704786
"3802","Aln",1011,1.73478756292925
"3803","Aln",1012,1.73093134890256
"3804","Aln",1013,1.72690764568082
"3805","Aln",1014,1.72272068572747
"3806","Aln",1015,1.71837506928257
"3807","Aln",1016,1.71387571668558
"3808","Aln",1017,1.70922782056448
"3809","Aln",1018,1.70443679810272
"3810","Aln",1019,1.69950824345079
"3811","Aln",1020,1.69444788027713
"3812","Aln",1021,1.68926151445301
"3813","Aln",1022,1.68395498686577
"3814","Aln",1023,1.67853412635493
"3815","Aln",1024,1.67300470276524
"3816","Aln",1025,1.66737238011129
"3817","Aln",1026,1.66164266984788
"3818","Aln",1027,1.65582089049331
"3819","Aln",1028,1.64991215235763
"3820","Aln",1029,1.64392137987586
"3821","Aln",1030,1.63785335903603
"3822","Aln",1031,1.63171279113975
"3823","Aln",1032,1.62550434663812
"3824","Aln",1033,1.61923271903832
"3825","Aln",1034,1.61290267887631
"3826","Aln",1035,1.60651912775108
"3827","Aln",1036,1.60008715241581
"3828","Aln",1037,1.59361207892093
"3829","Aln",1038,1.58709952680446
"3830","Aln",1039,1.58055546332399
"3831","Aln",1040,1.57398625084855
"3832","Aln",1041,1.56739866677458
"3833","Aln",1042,1.56079988220659
"3834","Aln",1043,1.55419741314921
"3835","Aln",1044,1.54759906483329
"3836","Aln",1045,1.54101287604556
"3837","Aln",1046,1.53444706345409
"3838","Aln",1047,1.52790996592182
"3839","Aln",1048,1.52140998880024
"3840","Aln",1049,1.51495554819494
"3841","Aln",1050,1.50855501519511
"3842","Aln",1051,1.50221666005861
"3843","Aln",1052,1.49594859899904
"3844","Aln",1053,1.48975875153028
"3845","Aln",1054,1.48365481366941
"3846","Aln",1055,1.47764424168151
"3847","Aln",1056,1.47173423839529
"3848","Aln",1057,1.46593173942789
"3849","Aln",1058,1.46024339931186
"3850","Aln",1059,1.45467557751741
"3851","Aln",1060,1.44923432436371
"3852","Aln",1061,1.44392536681277
"3853","Aln",1062,1.43875409414023
"3854","Aln",1063,1.43372554347741
"3855","Aln",1064,1.4288443852193
"3856","Aln",1065,1.42411490829373
"3857","Aln",1066,1.41954100528707
"3858","Aln",1067,1.41512616041791
"3859","Aln",1068,1.41087344934171
"3860","Aln",1069,1.4067855567741
"3861","Aln",1070,1.40286480593885
"3862","Aln",1071,1.39911319085083
"3863","Aln",1072,1.39553240843646
"3864","Aln",1073,1.39212389048929
"3865","Aln",1074,1.38888883545944
"3866","Aln",1075,1.38582824007518
"3867","Aln",1076,1.38294293079558
"3868","Aln",1077,1.38023359509333
"3869","Aln",1078,1.37770081256677
"3870","Aln",1079,1.37534508588049
"3871","Aln",1080,1.37316687153397
"3872","Aln",1081,1.37116661045769
"3873","Aln",1082,1.36934475722245
"3874","Aln",1083,1.36770180421981
"3875","Aln",1084,1.36623829838561
"3876","Aln",1085,1.36495485289363
"3877","Aln",1086,1.36385215746062
"3878","Aln",1087,1.36293098847568
"3879","Aln",1088,1.36219221895367
"3880","Aln",1089,1.36163682831148
"3881","Aln",1090,1.36126591196674
"3882","Aln",1091,1.36108069075755
"3883","Aln",1092,1.36108252018263
"3884","Aln",1093,1.36127289946025
"3885","Aln",1094,1.36165348040498
"3886","Aln",1095,1.36222607612058
"3887","Aln",1096,1.36299266950745
"3888","Aln",1097,1.36395542158294
"3889","Aln",1098,1.36511667961255
"3890","Aln",1099,1.36647898504983
"3891","Aln",1100,1.36804508128283
"3892","Aln",1101,1.36981792118453
"3893","Aln",1102,1.37180067446457
"3894","Aln",1103,1.37399673481943
"3895","Aln",1104,1.376409726878
"3896","Aln",1105,1.37904351293911
"3897","Aln",1106,1.38190219949761
"3898","Aln",1107,1.38499014355524
"3899","Aln",1108,1.38831195871208
"3900","Aln",1109,1.39187252103469
"3901","Aln",1110,1.39567697205566
"3902","Aln",1111,1.39973071097908
"3903","Aln",1112,1.40403937080596
"3904","Aln",1113,1.40860878365516
"3905","Aln",1114,1.41344494319549
"3906","Aln",1115,1.41855396682363
"3907","Aln",1116,1.42394205758203
"3908","Aln",1117,1.42961546581099
"3909","Aln",1118,1.43558045052869
"3910","Aln",1119,1.44184324053323
"3911","Aln",1120,1.44840999522059
"3912","Aln",1121,1.45528676511241
"3913","Aln",1122,1.46247945208769
"3914","Aln",1123,1.46999376931239
"3915","Aln",1124,1.47783520086137
"3916","Aln",1125,1.48600896102699
"3917","Aln",1126,1.49451995330915
"3918","Aln",1127,1.50337272908158
"3919","Aln",1128,1.51257144851948
"3920","Aln",1129,1.5221198515529
"3921","Aln",1130,1.53202124402138
"3922","Aln",1131,1.54227849384671
"3923","Aln",1132,1.55289402945167
"3924","Aln",1133,1.5638698378322
"3925","Aln",1134,1.57520746228071
"3926","Aln",1135,1.58690799975844
"3927","Aln",1136,1.59897209791566
"3928","Aln",1137,1.61139995175829
"3929","Aln",1138,1.62419129996058
"3930","Aln",1139,1.63734542082355
"3931","Aln",1140,1.65086112787943
"3932","Aln",1141,1.66473676514289
"3933","Aln",1142,1.67897020201008
"3934","Aln",1143,1.6935588278073
"3935","Aln",1144,1.70849954599114
"3936","Aln",1145,1.72378876800284
"3937","Aln",1146,1.73942240677975
"3938","Aln",1147,1.75539586992752
"3939","Aln",1148,1.77170405255684
"3940","Aln",1149,1.78834132978938
"3941","Aln",1150,1.80530154893776
"3942","Aln",1151,1.8225780213652
"3943","Aln",1152,1.84016351403062
"3944","Aln",1153,1.85805024072598
"3945","Aln",1154,1.87622985301269
"3946","Aln",1155,1.89469343086477
"3947","Aln",1156,1.91343147302695
"3948","Aln",1157,1.93243388709632
"3949","Aln",1158,1.95168997933683
"3950","Aln",1159,1.97118844423645
"3951","Aln",1160,1.9909173538175
"3952","Aln",1161,2.01086414671109
"3953","Aln",1162,2.03101561700724
"3954","Aln",1163,2.05135790289318
"3955","Aln",1164,2.07187647509233
"3956","Aln",1165,2.09255612511785
"3957","Aln",1166,2.11338095595144
"3958","Aln",1167,2.13433438295304
"3959","Aln",1168,2.15539915021042
"3960","Aln",1169,2.17655735715118
"3961","Aln",1170,2.19779048764348
"3962","Aln",1171,2.21907943900597
"3963","Aln",1172,2.240404550945
"3964","Aln",1173,2.26174563443773
"3965","Aln",1174,2.28308200058028
"3966","Aln",1175,2.30439248942051
"3967","Aln",1176,2.32565549879565
"3968","Aln",1177,2.34684901319537
"3969","Aln",1178,2.36795063267134
"3970","Aln",1179,2.38893760181461
"3971","Aln",1180,2.40978683882277
"3972","Aln",1181,2.43047496768961
"3973","Aln",1182,2.45097836257133
"3974","Aln",1183,2.47127321037349
"3975","Aln",1184,2.4913355855603
"3976","Aln",1185,2.51114152817775
"3977","Aln",1186,2.53066712210338
"3978","Aln",1187,2.54988857354576
"3979","Aln",1188,2.56878228981721
"3980","Aln",1189,2.58732495840271
"3981","Aln",1190,2.60549362634802
"3982","Aln",1191,2.62326577998974
"3983","Aln",1192,2.64061942504956
"3984","Aln",1193,2.65753316711459
"3985","Aln",1194,2.67398629252526
"3986","Aln",1195,2.68995884969148
"3987","Aln",1196,2.70543172486204
"3988","Aln",1197,2.7203866943807
"3989","Aln",1198,2.73480644145712
"3990","Aln",1199,2.74867454946093
"3991","Aln",1200,2.76197548974152
"3992","Aln",1201,2.77469460998502
"3993","Aln",1202,2.78681812312345
"3994","Aln",1203,2.79833309681037
"3995","Aln",1204,2.80922744347654
"3996","Aln",1205,2.81948991097808
"3997","Aln",1206,2.82911007384897
"3998","Aln",1207,2.83807832516894
"3999","Aln",1208,2.84638586905669
"4000","Aln",1209,2.85402471379806
"4001","Aln",1210,2.86098766561758
"4002","Aln",1211,2.86726832310117
"4003","Aln",1212,2.87286107227715
"4004","Aln",1213,2.87776108236157
"4005","Aln",1214,2.88196430217361
"4006","Aln",1215,2.88546745722549
"4007","Aln",1216,2.88826804749104
"4008","Aln",1217,2.89036434585598
"4009","Aln",1218,2.89175539725249
"4010","Aln",1219,2.89244101847962
"4011","Aln",1220,2.8924217987105
"4012","Aln",1221,2.89169910068663
"4013","Aln",1222,2.89027506259855
"4014","Aln",1223,2.88815260065157
"4015","Aln",1224,2.88533541231464
"4016","Aln",1225,2.88182798024923
"4017","Aln",1226,2.87763557691492
"4018","Aln",1227,2.87276426984709
"4019","Aln",1228,2.86722092760171
"4020","Aln",1229,2.86101322636126
"4021","Aln",1230,2.85414965719513
"4022","Aln",1231,2.84663953396688
"4023","Aln",1232,2.83849300188034
"4024","Aln",1233,2.82972104665514
"4025","Aln",1234,2.82033550432214
"4026","Aln",1235,2.81034907162766
"4027","Aln",1236,2.7997753170354
"4028","Aln",1237,2.78862868841765
"4029","Aln",1238,2.77692450573623
"4030","Aln",1239,2.76467893090765
"4031","Aln",1240,2.75190892262882
"4032","Aln",1241,2.73863218783442
"4033","Aln",1242,2.72486713366483
"4034","Aln",1243,2.71063281992752
"4035","Aln",1244,2.69594891203394
"4036","Aln",1245,2.68083563439335
"4037","Aln",1246,2.66531372424452
"4038","Aln",1247,2.6494043859055
"4039","Aln",1248,2.63312924542135
"4040","Aln",1249,2.61651030558923
"4041","Aln",1250,2.59956990133969
"4042","Aln",1251,2.58233065545281
"4043","Aln",1252,2.56481543458749
"4044","Aln",1253,2.54704730560174
"4045","Aln",1254,2.52904949214183
"4046","Aln",1255,2.5108453314778
"4047","Aln",1256,2.49245823156271
"4048","Aln",1257,2.47391162829292
"4049","Aln",1258,2.45522894294664
"4050","Aln",1259,2.43643353977785
"4051","Aln",1260,2.41754868374294
"4052","Aln",1261,2.39859749833715
"4053","Aln",1262,2.37960292351825
"4054","Aln",1263,2.36058767369503
"4055","Aln",1264,2.34157419575803
"4056","Aln",1265,2.3225846271307
"4057","Aln",1266,2.30364075381888
"4058","Aln",1267,2.28476396843718
"4059","Aln",1268,2.26597522819106
"4060","Aln",1269,2.24729501279369
"4061","Aln",1270,2.22874328229731
"4062","Aln",1271,2.21033943481907
"4063","Aln",1272,2.19210226414193
"4064","Aln",1273,2.17404991717177
"4065","Aln",1274,2.15619985123243
"4066","Aln",1275,2.13856879118093
"4067","Aln",1276,2.12117268936923
"4068","Aln",1277,2.10402669756571
"4069","Aln",1278,2.08714515690741
"4070","Aln",1279,2.07054159978174
"4071","Aln",1280,2.05422875449414
"4072","Aln",1281,2.03821854966526
"4073","Aln",1282,2.02252211834519
"4074","Aln",1283,2.00714980183331
"4075","Aln",1284,1.99211115319264
"4076","Aln",1285,1.97741494044887
"4077","Aln",1286,1.96306914946456
"4078","Aln",1287,1.9490809864801
"4079","Aln",1288,1.93545688031354
"4080","Aln",1289,1.92220248421243
"4081","Aln",1290,1.90932267735113
"4082","Aln",1291,1.89682156596842
"4083","Aln",1292,1.88470248414035
"4084","Aln",1293,1.87296799418455
"4085","Aln",1294,1.8616198866926
"4086","Aln",1295,1.85065918362063
"4087","Aln",1296,1.84008615473393
"4088","Aln",1297,1.82990035426981
"4089","Aln",1298,1.82010067095318
"4090","Aln",1299,1.81068538106771
"4091","Aln",1300,1.80165220115109
"4092","Aln",1301,1.79299834031592
"4093","Aln",1302,1.78472055219861
"4094","Aln",1303,1.77681518653883
"4095","Aln",1304,1.76927824039271
"4096","Aln",1305,1.76210540898332
"4097","Aln",1306,1.75529213619236
"4098","Aln",1307,1.74883366469709
"4099","Aln",1308,1.74272508575705
"4100","Aln",1309,1.73696138865514
"4101","Aln",1310,1.73153750979777
"4102","Aln",1311,1.726448381479
"4103","Aln",1312,1.72168898031358
"4104","Aln",1313,1.71725437213011
"4105","Aln",1314,1.71313974368835
"4106","Aln",1315,1.70934041479818
"4107","Aln",1316,1.70585183727217
"4108","Aln",1317,1.70266959035717
"4109","Aln",1318,1.69978937586309
"4110","Aln",1319,1.69720701299313
"4111","Aln",1320,1.69491843287962
"4112","Aln",1321,1.69291967282958
"4113","Aln",1322,1.69120687028397
"4114","Aln",1323,1.6897762564945
"4115","Aln",1324,1.68862414992174
"4116","Aln",1325,1.6877469493582
"4117","Aln",1326,1.68714112678005
"4118","Aln",1327,1.68680321993084
"4119","Aln",1328,1.68672982464087
"4120","Aln",1329,1.68691758688535
"4121","Aln",1330,1.68736319458491
"4122","Aln",1331,1.6880633691515
"4123","Aln",1332,1.68901485678313
"4124","Aln",1333,1.69021441951048
"4125","Aln",1334,1.69165882599861
"4126","Aln",1335,1.69334484210703
"4127","Aln",1336,1.69526922121108
"4128","Aln",1337,1.69742869428795
"4129","Aln",1338,1.69981995977045
"4130","Aln",1339,1.70243967317169
"4131","Aln",1340,1.70528443648394
"4132","Aln",1341,1.70835078735491
"4133","Aln",1342,1.71163518804478
"4134","Aln",1343,1.71513401416729
"4135","Aln",1344,1.71884354321851
"4136","Aln",1345,1.72275994289662
"4137","Aln",1346,1.7268792592165
"4138","Aln",1347,1.73119740442272
"4139","Aln",1348,1.73571014470498
"4140","Aln",1349,1.74041308771981
"4141","Aln",1350,1.74530166992273
"4142","Aln",1351,1.75037114371516
"4143","Aln",1352,1.75561656346303
"4144","Aln",1353,1.76103276754881
"4145","Aln",1354,1.76661435456683
"4146","Aln",1355,1.77235565556203
"4147","Aln",1356,1.77825070516005
"4148","Aln",1357,1.78429321254188
"4149","Aln",1358,1.79047653226887
"4150","Aln",1359,1.79679363496415
"4151","Aln",1360,1.80323707785715
"4152","Aln",1361,1.80979897519783
"4153","Aln",1362,1.81647096854812
"4154","Aln",1363,1.82324419695812
"4155","Aln",1364,1.83010926703526
"4156","Aln",1365,1.83705622291512
"4157","Aln",1366,1.84407451614297
"4158","Aln",1367,1.85115297547586
"4159","Aln",1368,1.85827977661548
"4160","Aln",1369,1.8654424118827
"4161","Aln",1370,1.87262765984535
"4162","Aln",1371,1.87982155491148
"4163","Aln",1372,1.88700936627767
"4164","Aln",1373,1.89417561437675
"4165","Aln",1374,1.90130414359282
"4166","Aln",1375,1.90837823250497
"4167","Aln",1376,1.9153807135448
"4168","Aln",1377,1.92229409270734
"4169","Aln",1378,1.92910066933181
"4170","Aln",1379,1.93578265596927
"4171","Aln",1380,1.94232229835453
"4172","Aln",1381,1.94870199549926
"4173","Aln",1382,1.95490441992385
"4174","Aln",1383,1.960912638045
"4175","Aln",1384,1.96671023073574
"4176","Aln",1385,1.97228141407454
"4177","Aln",1386,1.97761116029934
"4178","Aln",1387,1.98268531898175
"4179","Aln",1388,1.98749073843617
"4180","Aln",1389,1.99201538737742
"4181","Aln",1390,1.99624847683969
"4182","Aln",1391,2.00018058236853
"4183","Aln",1392,2.00380375469741
"4184","Aln",1393,2.00711158352209
"4185","Aln",1394,2.01009919078273
"4186","Aln",1395,2.01276317705771
"4187","Aln",1396,2.01510155646995
"4188","Aln",1397,2.01711369190795
"4189","Aln",1398,2.01880023056338
"4190","Aln",1399,2.02016303978598
"4191","Aln",1400,2.02120514325514
"4192","Aln",1401,2.02193065746634
"4193","Aln",1402,2.02234472852954
"4194","Aln",1403,2.02245346927562
"4195","Aln",1404,2.02226389666573
"4196","Aln",1405,2.02178386949783
"4197","Aln",1406,2.02102202640339
"4198","Aln",1407,2.01998772412679
"4199","Aln",1408,2.01869097607899
"4200","Aln",1409,2.0171423911563
"4201","Aln",1410,2.01535311265176
"4202","Aln",1411,2.01333475675972
"4203","Aln",1412,2.01109935033728
"4204","Aln",1413,2.00865926823677
"4205","Aln",1414,2.00602717068679
"4206","Aln",1415,2.00321594087243
"4207","Aln",1416,2.00023862270254
"4208","Aln",1417,1.99710835875147
"4209","Aln",1418,1.99383832836257
"4210","Aln",1419,1.99044168590073
"4211","Aln",1420,1.98693149914113
"4212","Aln",1421,1.98332068778135
"4213","Aln",1422,1.97962196206427
"4214","Aln",1423,1.97584776149906
"4215","Aln",1424,1.972010193668
"4216","Aln",1425,1.96812097310698
"4217","Aln",1426,1.96419136024796
"4218","Aln",1427,1.96023210041199
"4219","Aln",1428,1.95625336284177
"4220","Aln",1429,1.95226467976351
"4221","Aln",1430,1.94827489065932
"4222","Aln",1431,1.94429210731535
"4223","Aln",1432,1.94032371001966
"4224","Aln",1433,1.93637636451928
"4225","Aln",1434,1.93245604415489
"4226","Aln",1435,1.92856805197546
"4227","Aln",1436,1.92471704282676
"4228","Aln",1437,1.92090704540878
"4229","Aln",1438,1.91714148429734
"4230","Aln",1439,1.91342320192612
"4231","Aln",1440,1.90975448052555
"4232","Aln",1441,1.90613706401605
"4233","Aln",1442,1.90257217985311
"4234","Aln",1443,1.89906056082274
"4235","Aln",1444,1.89560246678586
"4236","Aln",1445,1.89219770637114
"4237","Aln",1446,1.88884565861578
"4238","Aln",1447,1.88554529455464
"4239","Aln",1448,1.88229519875815
"4240","Aln",1449,1.87909359082002
"4241","Aln",1450,1.87593834679623
"4242","Aln",1451,1.87282702059684
"4243","Aln",1452,1.86975686335847
"4244","Aln",1453,1.86672483487633
"4245","Aln",1454,1.8637276031499
"4246","Aln",1455,1.86076153599382
"4247","Aln",1456,1.85782269064064
"4248","Aln",1457,1.85490680331334
"4249","Aln",1458,1.85200927877155
"4250","Aln",1459,1.84912517983542
"4251","Aln",1460,1.84624921689192
"4252","Aln",1461,1.84337573738813
"4253","Aln",1462,1.8404987153168
"4254","Aln",1463,1.83761174069967
"4255","Aln",1464,1.83470800907447
"4256","Aln",1465,1.83178031099175
"4257","Aln",1466,1.82882102152829
"4258","Aln",1467,1.82582208982401
"4259","Aln",1468,1.8227750286499
"4260","Aln",1469,1.81967090401483
"4261","Aln",1470,1.81650032481937
"4262","Aln",1471,1.81325343256556
"4263","Aln",1472,1.80991989113159
"4264","Aln",1473,1.80648888428256
"4265","Aln",1474,1.802949143912
"4266","Aln",1475,1.79928902434759
"4267","Aln",1476,1.79549660740901
"4268","Aln",1477,1.79155981524482
"4269","Aln",1478,1.78746652329821
"4270","Aln",1479,1.78320467341354
"4271","Aln",1480,1.77876238709532
"4272","Aln",1481,1.77412807893134
"4273","Aln",1482,1.76929057019151
"4274","Aln",1483,1.76423920261352
"4275","Aln",1484,1.75896395238636
"4276","Aln",1485,1.75345554434184
"4277","Aln",1486,1.74770556636396
"4278","Aln",1487,1.74170658402498
"4279","Aln",1488,1.73545225545643
"4280","Aln",1489,1.72893744646227
"4281","Aln",1490,1.72215834588021
"4282","Aln",1491,1.71511258119624
"4283","Aln",1492,1.70779933441592
"4284","Aln",1493,1.70021944340797
"4285","Aln",1494,1.69237544435994
"4286","Aln",1495,1.68427152577151
"4287","Aln",1496,1.6759134235567
"4288","Aln",1497,1.66730830161166
"4289","Aln",1498,1.65846463262947
"4290","Aln",1499,1.64939207915499
"4291","Aln",1500,1.64010137487159
"4292","Aln",1501,1.63060420611034
"4293","Aln",1502,1.62091309357138
"4294","Aln",1503,1.61104127424599
"4295","Aln",1504,1.60100258352733
"4296","Aln",1505,1.59081133749698
"4297","Aln",1506,1.58048221537381
"4298","Aln",1507,1.57003014211136
"4299","Aln",1508,1.55947017112944
"4300","Aln",1509,1.54881736716544
"4301","Aln",1510,1.53808668923085
"4302","Aln",1511,1.52729287365816
"4303","Aln",1512,1.51645031722392
"4304","Aln",1513,1.50557296840066
"4305","Aln",1514,1.49467425092594
"4306","Aln",1515,1.48376703580954
"4307","Aln",1516,1.47286364563105
"4308","Aln",1517,1.46197586691336
"4309","Aln",1518,1.45111496249269
"4310","Aln",1519,1.44029168387363
"4311","Aln",1520,1.42951628355826
"4312","Aln",1521,1.4187985273389
"4313","Aln",1522,1.40814770654432
"4314","Aln",1523,1.39757265023018
"4315","Aln",1524,1.38708173730429
"4316","Aln",1525,1.37668290857843
"4317","Aln",1526,1.36638367873828
"4318","Aln",1527,1.35619114822388
"4319","Aln",1528,1.34611201501321
"4320","Aln",1529,1.33615258630207
"4321","Aln",1530,1.32631879007354
"4322","Aln",1531,1.31661618655108
"4323","Aln",1532,1.30704997952935
"4324","Aln",1533,1.29762502757737
"4325","Aln",1534,1.28834585510896
"4326","Aln",1535,1.27921666331565
"4327","Aln",1536,1.2702413409578
"4328","Aln",1537,1.26142347500962
"4329","Aln",1538,1.25276636115446
"4330","Aln",1539,1.2442730141268
"4331","Aln",1540,1.23594617789778
"4332","Aln",1541,1.2277883357012
"4333","Aln",1542,1.21980171989747
"4334","Aln",1543,1.21198832167301
"4335","Aln",1544,1.20434990057287
"4336","Aln",1545,1.19688799386471
"4337","Aln",1546,1.1896039257324
"4338","Aln",1547,1.18249881629775
"4339","Aln",1548,1.17557359046892
"4340","Aln",1549,1.16882898661474
"4341","Aln",1550,1.16226556506371
"4342","Aln",1551,1.15588371642707
"4343","Aln",1552,1.14968366974553
"4344","Aln",1553,1.14366550045903
"4345","Aln",1554,1.13782913819949
"4346","Aln",1555,1.13217437440639
"4347","Aln",1556,1.12670086976523
"4348","Aln",1557,1.12140816146918
"4349","Aln",1558,1.11629567030412
"4350","Aln",1559,1.11136270755751
"4351","Aln",1560,1.10660848175186
"4352","Aln",1561,1.10203210520314
"4353","Aln",1562,1.0976326004052
"4354","Aln",1563,1.0934089062409
"4355","Aln",1564,1.0893598840209
"4356","Aln",1565,1.08548432335119
"4357","Aln",1566,1.08178094783054
"4358","Aln",1567,1.07824842057879
"4359","Aln",1568,1.07488534959756
"4360","Aln",1569,1.07169029296439
"4361","Aln",1570,1.06866176386185
"4362","Aln",1571,1.06579823544292
"4363","Aln",1572,1.06309814553418
"4364","Aln",1573,1.06055990117813
"4365","Aln",1574,1.05818188301643
"4366","Aln",1575,1.05596244951525
"4367","Aln",1576,1.05389994103469
"4368","Aln",1577,1.05199268374358
"4369","Aln",1578,1.05023899338138
"4370","Aln",1579,1.04863717886885
"4371","Aln",1580,1.04718554576906
"4372","Aln",1581,1.04588239960041
"4373","Aln",1582,1.04472604900328
"4374","Aln",1583,1.04371480876212
"4375","Aln",1584,1.04284700268431
"4376","Aln",1585,1.04212096633774
"4377","Aln",1586,1.04153504964864
"4378","Aln",1587,1.04108761936115
"4379","Aln",1588,1.04077706136046
"4380","Aln",1589,1.0406017828609
"4381","Aln",1590,1.04056021446078
"4382","Aln",1591,1.04065081206522
"4383","Aln",1592,1.04087205867886
"4384","Aln",1593,1.04122246606966
"4385","Aln",1594,1.04170057630541
"4386","Aln",1595,1.04230496316438
"4387","Aln",1596,1.04303423342152
"4388","Aln",1597,1.04388702801156
"4389","Aln",1598,1.04486202307046
"4390","Aln",1599,1.04595793085646
"4391","Aln",1600,1.04717350055201
"4392","Aln",1601,1.04850751894792
"4393","Aln",1602,1.04995881101081
"4394","Aln",1603,1.05152624033522
"4395","Aln",1604,1.05320870948137
"4396","Aln",1605,1.05500516019972
"4397","Aln",1606,1.05691457354347
"4398","Aln",1607,1.05893596986993
"4399","Aln",1608,1.06106840873183
"4400","Aln",1609,1.06331098865947
"4401","Aln",1610,1.06566284683465
"4402","Aln",1611,1.06812315865729
"4403","Aln",1612,1.07069113720552
"4404","Aln",1613,1.07336603259007
"4405","Aln",1614,1.07614713120373
"4406","Aln",1615,1.07903375486665
"4407","Aln",1616,1.08202525986812
"4408","Aln",1617,1.08512103590543
"4409","Aln",1618,1.08832050492065
"4410","Aln",1619,1.09162311983571
"4411","Aln",1620,1.09502836318642
"4412","Aln",1621,1.09853574565601
"4413","Aln",1622,1.10214480450861
"4414","Aln",1623,1.10585510192323
"4415","Aln",1624,1.10966622322867
"4416","Aln",1625,1.11357777503966
"4417","Aln",1626,1.11758938329489
"4418","Aln",1627,1.1217006911971
"4419","Aln",1628,1.12591135705562
"4420","Aln",1629,1.13022105203187
"4421","Aln",1630,1.13462945778792
"4422","Aln",1631,1.13913626403862
"4423","Aln",1632,1.14374116600755
"4424","Aln",1633,1.148443861787
"4425","Aln",1634,1.15324404960247
"4426","Aln",1635,1.15814142498181
"4427","Aln",1636,1.16313567782939
"4428","Aln",1637,1.16822648940555
"4429","Aln",1638,1.1734135292117
"4430","Aln",1639,1.17869645178128
"4431","Aln",1640,1.18407489337699
"4432","Aln",1641,1.18954846859463
"4433","Aln",1642,1.19511676687382
"4434","Aln",1643,1.20077934891607
"4435","Aln",1644,1.20653574301054
"4436","Aln",1645,1.21238544126797
"4437","Aln",1646,1.21832789576322
"4438","Aln",1647,1.22436251458684
"4439","Aln",1648,1.23048865780641
"4440","Aln",1649,1.23670563333797
"4441","Aln",1650,1.24301269272836
"4442","Aln",1651,1.24940902684908
"4443","Aln",1652,1.25589376150238
"4444","Aln",1653,1.26246595294036
"4445","Aln",1654,1.26912458329807
"4446","Aln",1655,1.27586855594131
"4447","Aln",1656,1.28269669073031
"4448","Aln",1657,1.28960771967625
"4449","Aln",1658,1.29660028441961
"4450","Aln",1659,1.30367293648363
"4451","Aln",1660,1.31082413935218
"4452","Aln",1661,1.31805227094561
"4453","Aln",1662,1.32535562602008
"4454","Aln",1663,1.33273241849198
"4455","Aln",1664,1.3401807836891
"4456","Aln",1665,1.34769878053029
"4457","Aln",1666,1.35528439363538
"4458","Aln",1667,1.3629355353673
"4459","Aln",1668,1.37065004780838
"4460","Aln",1669,1.37842570467278
"4461","Aln",1670,1.38626021315726
"4462","Aln",1671,1.39415121573236
"4463","Aln",1672,1.40209629187627
"4464","Aln",1673,1.41009295975372
"4465","Aln",1674,1.41813867784215
"4466","Aln",1675,1.42623084650769
"4467","Aln",1676,1.43436680953336
"4468","Aln",1677,1.44254385560201
"4469","Aln",1678,1.45075921973664
"4470","Aln",1679,1.45901008470071
"4471","Aln",1680,1.46729358236114
"4472","Aln",1681,1.47560679501669
"4473","Aln",1682,1.48394675669471
"4474","Aln",1683,1.49231045441875
"4475","Aln",1684,1.50069482945033
"4476","Aln",1685,1.50909677850745
"4477","Aln",1686,1.51751315496308
"4478","Aln",1687,1.52594077002649
"4479","Aln",1688,1.53437639391054
"4480","Aln",1689,1.5428167569881
"4481","Aln",1690,1.55125855094058
"4482","Aln",1691,1.55969842990197
"4483","Aln",1692,1.56813301160144
"4484","Aln",1693,1.57655887850785
"4485","Aln",1694,1.58497257897939
"4486","Aln",1695,1.59337062842182
"4487","Aln",1696,1.60174951045849
"4488","Aln",1697,1.6101056781157
"4489","Aln",1698,1.61843555502666
"4490","Aln",1699,1.62673553665771
"4491","Aln",1700,1.6350019915601
"4492","Aln",1701,1.6432312626509
"4493","Aln",1702,1.65141966852666
"4494","Aln",1703,1.65956350481324
"4495","Aln",1704,1.66765904555553
"4496","Aln",1705,1.67570254465058
"4497","Aln",1706,1.68369023732778
"4498","Aln",1707,1.69161834167983
"4499","Aln",1708,1.699483060248
"4500","Aln",1709,1.70728058166555
"4501","Aln",1710,1.71500708236284
"4502","Aln",1711,1.72265872833802
"4503","Aln",1712,1.73023167699683
"4504","Aln",1713,1.7377220790654
"4505","Aln",1714,1.74512608057972
"4506","Aln",1715,1.75243982495558
"4507","Aln",1716,1.75965945514262
"4508","Aln",1717,1.76678111586641
"4509","Aln",1718,1.77380095596222
"4510","Aln",1719,1.78071513080421
"4511","Aln",1720,1.78751980483385
"4512","Aln",1721,1.79421115419133
"4513","Aln",1722,1.80078536945361
"4514","Aln",1723,1.80723865848296
"4515","Aln",1724,1.81356724938953
"4516","Aln",1725,1.81976739361182
"4517","Aln",1726,1.82583536911861
"4518","Aln",1727,1.83176748373609
"4519","Aln",1728,1.83756007860366
"4520","Aln",1729,1.8432095317622
"4521","Aln",1730,1.84871226187821
"4522","Aln",1731,1.85406473210745
"4523","Aln",1732,1.85926345410148
"4524","Aln",1733,1.86430499216063
"4525","Aln",1734,1.86918596753676
"4526","Aln",1735,1.87390306288911
"4527","Aln",1736,1.87845302689664
"4528","Aln",1737,1.88283267902996
"4529","Aln",1738,1.88703891448611
"4530","Aln",1739,1.89106870928929
"4531","Aln",1740,1.89491912556044
"4532","Aln",1741,1.89858731695881
"4533","Aln",1742,1.90207053429819
"4534","Aln",1743,1.90536613134073
"4535","Aln",1744,1.90847157077083
"4536","Aln",1745,1.91138443035197
"4537","Aln",1746,1.91410240926861
"4538","Aln",1747,1.91662333465578
"4539","Aln",1748,1.9189451683185
"4540","Aln",1749,1.92106601364306
"4541","Aln",1750,1.92298412270234
"4542","Aln",1751,1.92469790355683
"4543","Aln",1752,1.92620592775316
"4544","Aln",1753,1.92750693802162
"4545","Aln",1754,1.92859985617409
"4546","Aln",1755,1.92948379120364
"4547","Aln",1756,1.93015804758678
"4548","Aln",1757,1.93062213378921
"4549","Aln",1758,1.93087576987336
"4550","Aln",1759,1.93091889090041
"4551","Aln",1760,1.93075164392228
"4552","Aln",1761,1.93037438076847
"4553","Aln",1762,1.9297876499353
"4554","Aln",1763,1.9289921886797
"4555","Aln",1764,1.92798891531698
"4556","Aln",1765,1.92677892172198
"4557","Aln",1766,1.92536346603254
"4558","Aln",1767,1.92374396555437
"4559","Aln",1768,1.92192198986603
"4560","Aln",1769,1.91989925412268
"4561","Aln",1770,1.917677612557
"4562","Aln",1771,1.91525905217578
"4563","Aln",1772,1.9126456866501
"4564","Aln",1773,1.90983975039745
"4565","Aln",1774,1.9068435928536
"4566","Aln",1775,1.90365967293197
"4567","Aln",1776,1.90029055366843
"4568","Aln",1777,1.89673889704889
"4569","Aln",1778,1.89300745901737
"4570","Aln",1779,1.88909908466188
"4571","Aln",1780,1.8850167035754
"4572","Aln",1781,1.88076332538929
"4573","Aln",1782,1.87634203547618
"4574","Aln",1783,1.87175599081942
"4575","Aln",1784,1.86700841604614
"4576","Aln",1785,1.86210259962087
"4577","Aln",1786,1.85704189019639
"4578","Aln",1787,1.85182969311887
"4579","Aln",1788,1.84646946708384
"4580","Aln",1789,1.84096472093981
"4581","Aln",1790,1.83531901063599
"4582","Aln",1791,1.82953593631098
"4583","Aln",1792,1.82361913951861
"4584","Aln",1793,1.81757230058777
"4585","Aln",1794,1.81139913611241
"4586","Aln",1795,1.8051033965683
"4587","Aln",1796,1.79868886405281
"4588","Aln",1797,1.7921593501442
"4589","Aln",1798,1.78551869387655
"4590","Aln",1799,1.7787707598268
"4591","Aln",1800,1.77191943631
"4592","Aln",1801,1.76496863367915
"4593","Aln",1802,1.75792228272573
"4594","Aln",1803,1.75078433317716
"4595","Aln",1804,1.74355875228739
"4596","Aln",1805,1.73624952351665
"4597","Aln",1806,1.7288606452967
"4598","Aln",1807,1.72139612987749
"4599","Aln",1808,1.71386000225143
"4600","Aln",1809,1.70625629915142
"4601","Aln",1810,1.69858906811858
"4602","Aln",1811,1.69086236663587
"4603","Aln",1812,1.6830802613236
"4604","Aln",1813,1.67524682719282
"4605","Aln",1814,1.66736614695283
"4606","Aln",1815,1.65944231036856
"4607","Aln",1816,1.65147941366404
"4608","Aln",1817,1.64348155896796
"4609","Aln",1818,1.63545285379722
"4610","Aln",1819,1.62739741057458
"4611","Aln",1820,1.61931934617633
"4612","Aln",1821,1.61122278150611
"4613","Aln",1822,1.60311184109061
"4614","Aln",1823,1.59499065269345
"4615","Aln",1824,1.58686334694299
"4616","Aln",1825,1.57873405697011
"4617","Aln",1826,1.57060691805201
"4618","Aln",1827,1.56248606725787
"4619","Aln",1828,1.55437564309249
"4620","Aln",1829,1.54627978513375
"4621","Aln",1830,1.53820263365989
"4622","Aln",1831,1.53014832926269
"4623","Aln",1832,1.52212101244232
"4624","Aln",1833,1.51412482317995
"4625","Aln",1834,1.50616390048416
"4626","Aln",1835,1.49824238190685
"4627","Aln",1836,1.49036440302493
"4628","Aln",1837,1.48253409688356
"4629","Aln",1838,1.47475559339695
"4630","Aln",1839,1.46703301870274
"4631","Aln",1840,1.4593704944659
"4632","Aln",1841,1.45177213712809
"4633","Aln",1842,1.44424205709861
"4634","Aln",1843,1.4367843578827
"4635","Aln",1844,1.4294031351434
"4636","Aln",1845,1.42210247569289
"4637","Aln",1846,1.41488645640922
"4638","Aln",1847,1.40775914307468
"4639","Aln",1848,1.40072458913159
"4640","Aln",1849,1.39378683435171
"4641","Aln",1850,1.38694990341527
"4642","Aln",1851,1.38021780439566
"4643","Aln",1852,1.3735945271459
"4644","Aln",1853,1.367084041583
"4645","Aln",1854,1.36069029586622
"4646","Aln",1855,1.35441721446552
"4647","Aln",1856,1.34826869611619
"4648","Aln",1857,1.34224861165598
"4649","Aln",1858,1.33636080174082
"4650","Aln",1859,1.33060907443544
"4651","Aln",1860,1.3249972026751
"4652","Aln",1861,1.31952892159474
"4653","Aln",1862,1.31420792572188
"4654","Aln",1863,1.30903786602961
"4655","Aln",1864,1.30402234684606
"4656","Aln",1865,1.29916492261692
"4657","Aln",1866,1.29446909451725
"4658","Aln",1867,1.2899383069094
"4659","Aln",1868,1.28557594364341
"4660","Aln",1869,1.28138532419666
"4661","Aln",1870,1.27736969964945
"4662","Aln",1871,1.27353224849318
"4663","Aln",1872,1.26987607226821
"4664","Aln",1873,1.26640419102795
"4665","Aln",1874,1.2631195386265
"4666","Aln",1875,1.26002495782671
"4667","Aln",1876,1.25712319522579
"4668","Aln",1877,1.25441689599586
"4669","Aln",1878,1.25190859843657
"4670","Aln",1879,1.24960072833736
"4671","Aln",1880,1.24749559314687
"4672","Aln",1881,1.24559537594703
"4673","Aln",1882,1.2439021292297
"4674","Aln",1883,1.24241776847373
"4675","Aln",1884,1.24114406552039
"4676","Aln",1885,1.24008264174529
"4677","Aln",1886,1.23923496102516
"4678","Aln",1887,1.23860232249785
"4679","Aln",1888,1.23818585311412
"4680","Aln",1889,1.23798649997997
"4681","Aln",1890,1.23800502248845
"4682","Aln",1891,1.23824198423995
"4683","Aln",1892,1.23869774475037
"4684","Aln",1893,1.23937245094643
"4685","Aln",1894,1.24026602844798
"4686","Aln",1895,1.24137817263702
"4687","Aln",1896,1.24270833951356
"4688","Aln",1897,1.24425573633869
"4689","Aln",1898,1.24601931206521
"4690","Aln",1899,1.24799774755682
"4691","Aln",1900,1.25018944559678
"4692","Aln",1901,1.25259252068723
"4693","Aln",1902,1.25520478864104
"4694","Aln",1903,1.25802375596766
"4695","Aln",1904,1.26104660905536
"4696","Aln",1905,1.26427020315225
"4697","Aln",1906,1.26769105114868
"4698","Aln",1907,1.27130531216435
"4699","Aln",1908,1.27510877994322
"4700","Aln",1909,1.27909687106033
"4701","Aln",1910,1.28326461294422
"4702","Aln",1911,1.28760663171982
"4703","Aln",1912,1.29211713987641
"4704","Aln",1913,1.29678992376594
"4705","Aln",1914,1.30161833093743
"4706","Aln",1915,1.3065952573134
"4707","Aln",1916,1.31171313421498
"4708","Aln",1917,1.3169639152424
"4709","Aln",1918,1.32233906301849
"4710","Aln",1919,1.32782954057697
"4711","Aln",1920,1.33342582172662
"4712","Aln",1921,1.3391179299483
"4713","Aln",1922,1.34489549628581
"4714","Aln",1923,1.35074782191771
"4715","Aln",1924,1.35666394064612
"4716","Aln",1925,1.3626326813127
"4717","Aln",1926,1.36864273015264
"4718","Aln",1927,1.37468269309739
"4719","Aln",1928,1.38074115803724
"4720","Aln",1929,1.38680675705471
"4721","Aln",1930,1.3928682286399
"4722","Aln",1931,1.39891447989886
"4723","Aln",1932,1.40493464876588
"4724","Aln",1933,1.41091816623049
"4725","Aln",1934,1.41685481858973
"4726","Aln",1935,1.42273480973604
"4727","Aln",1936,1.42854882349046
"4728","Aln",1937,1.43428808599094
"4729","Aln",1938,1.43994442814465
"4730","Aln",1939,1.44551034815277
"4731","Aln",1940,1.4509790741158
"4732","Aln",1941,1.45634462672664
"4733","Aln",1942,1.46160187519969
"4734","Aln",1943,1.46674656586691
"4735","Aln",1944,1.47177530972935
"4736","Aln",1945,1.47668554268472
"4737","Aln",1946,1.48147547900936
"4738","Aln",1947,1.48614406495524
"4739","Aln",1948,1.49069093246382
"4740","Aln",1949,1.49511635299785
"4741","Aln",1950,1.49942119149145
"4742","Aln",1951,1.50360686041825
"4743","Aln",1952,1.50767527397674
"4744","Aln",1953,1.5116288023915
"4745","Aln",1954,1.5154702263285
"4746","Aln",1955,1.51920269142208
"4747","Aln",1956,1.52282966291102
"4748","Aln",1957,1.52635488038069
"4749","Aln",1958,1.52978231260771
"4750","Aln",1959,1.53311611250379
"4751","Aln",1960,1.53636057215472
"4752","Aln",1961,1.53952007795048
"4753","Aln",1962,1.54259906580241
"4754","Aln",1963,1.54560197644316
"4755","Aln",1964,1.548533210805
"4756","Aln",1965,1.55139708867447
"4757","Aln",1966,1.55419782022533
"4758","Aln",1967,1.55693949682977
"4759","Aln",1968,1.55962609473966
"4760","Aln",1969,1.56226148202755
"4761","Aln",1970,1.56484942558131
"4762","Aln",1971,1.5673935981488
"4763","Aln",1972,1.56989758542873
"4764","Aln",1973,1.57236489320429
"4765","Aln",1974,1.57479895451595
"4766","Aln",1975,1.57720313687
"4767","Aln",1976,1.5795807494796
"4768","Aln",1977,1.58193505053488
"4769","Aln",1978,1.58426925449901
"4770","Aln",1979,1.586586539427
"4771","Aln",1980,1.58889005430407
"4772","Aln",1981,1.5911829264006
"4773","Aln",1982,1.59346826864038
"4774","Aln",1983,1.59574918697937
"4775","Aln",1984,1.59802878779172
"4776","Aln",1985,1.60031018526009
"4777","Aln",1986,1.60259650796103
"4778","Aln",1987,1.60489090222322
"4779","Aln",1988,1.60719653064314
"4780","Aln",1989,1.60951656736749
"4781","Aln",1990,1.61185419255845
"4782","Aln",1991,1.61421258684483
"4783","Aln",1992,1.61659492575613
"4784","Aln",1993,1.61900437413629
"4785","Aln",1994,1.6214440805342
"4786","Aln",1995,1.62391717156776
"4787","Aln",1996,1.62642674625845
"4788","Aln",1997,1.62897587033344
"4789","Aln",1998,1.63156757049209
"4790","Aln",1999,1.63420482863399
"4791","Aln",2000,1.63689057604551
"4792","Aln",2001,1.63962768754202
"4793","Aln",2002,1.64241897556279
"4794","Aln",2003,1.64526718421603
"4795","Aln",2004,1.64817498327099
"4796","Aln",2005,1.65114496209479
"4797","Aln",2006,1.65417962353114
"4798","Aln",2007,1.6572813777185
"4799","Aln",2008,1.66045253584534
"4800","Aln",2009,1.66369530383998
"4801","Aln",2010,1.66701177599291
"4802","Aln",2011,1.67040392850937
"4803","Aln",2012,1.67387361299019
"4804","Aln",2013,1.67742254983888
"4805","Aln",2014,1.68105232159332
"4806","Aln",2015,1.68476436618027
"4807","Aln",2016,1.68855997009111
"4808","Aln",2017,1.69244026147761
"4809","Aln",2018,1.69640620316627
"4810","Aln",2019,1.70045858559022
"4811","Aln",2020,1.70459801963779
"4812","Aln",2021,1.70882492941692
"4813","Aln",2022,1.71313954493484
"4814","Aln",2023,1.71754189469254
"4815","Aln",2024,1.72203179819404
"4816","Aln",2025,1.72660885837008
"4817","Aln",2026,1.73127245391672
"4818","Aln",2027,1.73602173154913
"4819","Aln",2028,1.74085559817108
"4820","Aln",2029,1.74577271296115
"4821","Aln",2030,1.75077148041144
"4822","Aln",2031,1.75585004742459
"4823","Aln",2032,1.76100630654045
"4824","Aln",2033,1.76623790322444
"4825","Aln",2034,1.77154224411511
"4826","Aln",2035,1.77691650519848
"4827","Aln",2036,1.78235763991158
"4828","Aln",2037,1.78786238717794
"4829","Aln",2038,1.79342727937807
"4830","Aln",2039,1.79904865025801
"4831","Aln",2040,1.80472264277944
"4832","Aln",2041,1.81044521691473
"4833","Aln",2042,1.81621215739096
"4834","Aln",2043,1.82201908138654
"4835","Aln",2044,1.82786144618478
"4836","Aln",2045,1.83373455678853
"4837","Aln",2046,1.83963357350037
"4838","Aln",2047,1.84555351947292
"4839","Aln",2048,1.85148928823398
"4840","Aln",2049,1.85743565119129
"4841","Aln",2050,1.86338726512201
"4842","Aln",2051,1.86933867965187
"4843","Aln",2052,1.87528434472928
"4844","Aln",2053,1.88121861809969
"4845","Aln",2054,1.88713577278557
"4846","Aln",2055,1.89303000457756
"4847","Aln",2056,1.89889543954231
"4848","Aln",2057,1.90472614155276
"4849","Aln",2058,1.91051611984638
"4850","Aln",2059,1.91625933661741
"4851","Aln",2060,1.92194971464877
"4852","Aln",2061,1.92758114498946
"4853","Aln",2062,1.93314749468362
"4854","Aln",2063,1.93864261455693
"4855","Aln",2064,1.94406034706643
"4856","Aln",2065,1.94939453421985
"4857","Aln",2066,1.95463902557023
"4858","Aln",2067,1.95978768629203
"4859","Aln",2068,1.96483440534456
"4860","Aln",2069,1.96977310372885
"4861","Aln",2070,1.9745977428438
"4862","Aln",2071,1.97930233294756
"4863","Aln",2072,1.98388094173003
"4864","Aln",2073,1.98832770300233
"4865","Aln",2074,1.99263682550898
"4866","Aln",2075,1.99680260213811
"4867","Aln",2076,2.00081942034419
"4868","Aln",2077,2.00468177432793
"4869","Aln",2078,2.00838427843976
"4870","Aln",2079,2.01192168100334
"4871","Aln",2080,2.0152888782947
"4872","Aln",2081,2.01848092868231
"4873","Aln",2082,2.02149306693279
"4874","Aln",2083,2.02432071868729
"4875","Aln",2084,2.02695951511307
"4876","Aln",2085,2.02940530773469
"4877","Aln",2086,2.03165418344917
"4878","Aln",2087,2.03370247972913
"4879","Aln",2088,2.03554680001756
"4880","Aln",2089,2.03718402931806
"4881","Aln",2090,2.03861134998362
"4882","Aln",2091,2.03982625770701
"4883","Aln",2092,2.04082657771566
"4884","Aln",2093,2.04161048117324
"4885","Aln",2094,2.04217650179027
"4886","Aln",2095,2.04252355264539
"4887","Aln",2096,2.04265094129382
"4888","Aln",2097,2.04255837738941
"4889","Aln",2098,2.04224596897117
"4890","Aln",2099,2.04171421126426
"4891","Aln",2100,2.04096397377011
"4892","Aln",2101,2.03999648757016
"4893","Aln",2102,2.0388133328422
"4894","Aln",2103,2.03741642658837
"4895","Aln",2104,2.03580801057303
"4896","Aln",2105,2.03399063946878
"4897","Aln",2106,2.0319671692085
"4898","Aln",2107,2.02974074554073
"4899","Aln",2108,2.02731479278583
"4900","Aln",2109,2.02469300278974
"4901","Aln",2110,2.02187932407197
"4902","Aln",2111,2.01887795116443
"4903","Aln",2112,2.01569331413695
"4904","Aln",2113,2.01233006830571
"4905","Aln",2114,2.00879308412009
"4906","Aln",2115,2.00508743722339
"4907","Aln",2116,2.00121839868288
"4908","Aln",2117,1.99719142538396
"4909","Aln",2118,1.99301215058355
"4910","Aln",2119,1.98868637461721
"4911","Aln",2120,1.98422005575461
"4912","Aln",2121,1.97961930119772
"4913","Aln",2122,1.97489035821578
"4914","Aln",2123,1.97003960541128
"4915","Aln",2124,1.96507354411077
"4916","Aln",2125,1.95999878987425
"4917","Aln",2126,1.95482206411692
"4918","Aln",2127,1.94955018583678
"4919","Aln",2128,1.94419006344152
"4920","Aln",2129,1.93874868666809
"4921","Aln",2130,1.93323311858826
"4922","Aln",2131,1.92765048769324
"4923","Aln",2132,1.92200798005067
"4924","Aln",2133,1.91631283152678
"4925","Aln",2134,1.91057232006701
"4926","Aln",2135,1.90479375802787
"4927","Aln",2136,1.89898448455289
"4928","Aln",2137,1.89315185798577
"4929","Aln",2138,1.88730324831336
"4930","Aln",2139,1.88144602963142
"4931","Aln",2140,1.87558757262594
"4932","Aln",2141,1.86973523706286
"4933","Aln",2142,1.86389636427899
"4934","Aln",2143,1.85807826966699
"4935","Aln",2144,1.85228823514726
"4936","Aln",2145,1.84653350161952
"4937","Aln",2146,1.84082126138718
"4938","Aln",2147,1.83515865054724
"4939","Aln",2148,1.82955274133889
"4940","Aln",2149,1.8240105344437
"4941","Aln",2150,1.81853895123067
"4942","Aln",2151,1.81314482593922
"4943","Aln",2152,1.80783489779337
"4944","Aln",2153,1.80261580304052
"4945","Aln",2154,1.79749406690828
"4946","Aln",2155,1.79247609547277
"4947","Aln",2156,1.78756816743214
"4948","Aln",2157,1.78277642577905
"4949","Aln",2158,1.77810686936602
"4950","Aln",2159,1.77356534435753
"4951","Aln",2160,1.76915753556329
"4952","Aln",2161,1.76488895764668
"4953","Aln",2162,1.7607649462031
"4954","Aln",2163,1.75679064870265
"4955","Aln",2164,1.7529710152921
"4956","Aln",2165,1.74931078945103
"4957","Aln",2166,1.74581449849738
"4958","Aln",2167,1.74248644393781
"4959","Aln",2168,1.73933069165833
"4960","Aln",2169,1.73635106195124
"4961","Aln",2170,1.73355111937422
"4962","Aln",2171,1.73093416243792
"4963","Aln",2172,1.72850321311864
"4964","Aln",2173,1.72626100619284
"4965","Aln",2174,1.72420997839045
"4966","Aln",2175,1.72235225736456
"4967","Aln",2176,1.72068965047482
"4968","Aln",2177,1.71922363338279
"4969","Aln",2178,1.71795533845718
"4970","Aln",2179,1.71688554484211
"4971","Aln",2180,1.71601467575004
"4972","Aln",2181,1.71534280668726
"4973","Aln",2182,1.71486968090295
"4974","Aln",2183,1.71459472649877
"4975","Aln",2184,1.71451707334497
"4976","Aln",2185,1.71463556980349
"4977","Aln",2186,1.71494879925905
"4978","Aln",2187,1.71545509645912
"4979","Aln",2188,1.71615256366433
"4980","Aln",2189,1.71703908661086
"4981","Aln",2190,1.71811235028664
"4982","Aln",2191,1.71936985452344
"4983","Aln",2192,1.72080892940708
"4984","Aln",2193,1.72242675050823
"4985","Aln",2194,1.72422035393629
"4986","Aln",2195,1.72618665121922
"4987","Aln",2196,1.72832244401218
"4988","Aln",2197,1.73062443863783
"4989","Aln",2198,1.73308926046165
"4990","Aln",2199,1.73571346810528
"4991","Aln",2200,1.73849356750122
"4992","Aln",2201,1.7414260257923
"4993","Aln",2202,1.74450728423236
"4994","Aln",2203,1.74773376755106
"4995","Aln",2204,1.75110188809256
"4996","Aln",2205,1.75460804642518
"4997","Aln",2206,1.75824863096627
"4998","Aln",2207,1.76202001747254
"4999","Aln",2208,1.76591856839945
"5000","Aln",2209,1.76994063213307
"5001","Aln",2210,1.77408254209811
"5002","Aln",2211,1.77834061574561
"5003","Aln",2212,1.78271115342378
"5004","Aln",2213,1.78719043713574
"5005","Aln",2214,1.79177472918767
"5006","Aln",2215,1.79646027073092
"5007","Aln",2216,1.80124328020194
"5008","Aln",2217,1.80611995166349
"5009","Aln",2218,1.81108645305084
"5010","Aln",2219,1.81613892432686
"5011","Aln",2220,1.82127347554944
"5012","Aln",2221,1.82648618485523
"5013","Aln",2222,1.83177309636344
"5014","Aln",2223,1.83713021800343
"5015","Aln",2224,1.84255351927007
"5016","Aln",2225,1.84803892891068
"5017","Aln",2226,1.85358233254748
"5018","Aln",2227,1.85917957023962
"5019","Aln",2228,1.86482643398864
"5020","Aln",2229,1.87051866519153
"5021","Aln",2230,1.87625195204546
"5022","Aln",2231,1.88202192690834
"5023","Aln",2232,1.88782416361936
"5024","Aln",2233,1.89365417478387
"5025","Aln",2234,1.89950740902681
"5026","Aln",2235,1.90537924821911
"5027","Aln",2236,1.9112650046815
"5028","Aln",2237,1.91715991837025
"5029","Aln",2238,1.92305915404935
"5030","Aln",2239,1.92895779845381
"5031","Aln",2240,1.93485085744879
"5032","Aln",2241,1.94073325318936
"5033","Aln",2242,1.94659982128573
"5034","Aln",2243,1.9524453079789
"5035","Aln",2244,1.95826436733181
"5036","Aln",2245,1.96405155844103
"5037","Aln",2246,1.9698013426743
"5038","Aln",2247,1.97550808093914
"5039","Aln",2248,1.98116603098795
"5040","Aln",2249,1.98676934476511
"5041","Aln",2250,1.99231206580171
"5042","Aln",2251,1.99778812666353
"5043","Aln",2252,2.00319134645809
"5044","Aln",2253,2.00851542840683
"5045","Aln",2254,2.01375395748812
"5046","Aln",2255,2.01890039815768
"5047","Aln",2256,2.02394809215222
"5048","Aln",2257,2.02889025638299
"5049","Aln",2258,2.03371998092558
"5050","Aln",2259,2.03843022711258
"5051","Aln",2260,2.04301382739662
"5052","Aln",2261,2.04746349197265
"5053","Aln",2262,2.05177182548797
"5054","Aln",2263,2.05593135052556
"5055","Aln",2264,2.05993453288589
"5056","Aln",2265,2.06377380701382
"5057","Aln",2266,2.06744160157774
"5058","Aln",2267,2.0709303652085
"5059","Aln",2268,2.07423259240548
"5060","Aln",2269,2.07734084961692
"5061","Aln",2270,2.08024780150216
"5062","Aln",2271,2.08294623738271
"5063","Aln",2272,2.08542909788946
"5064","Aln",2273,2.08768950181304
"5065","Aln",2274,2.08972077316406
"5066","Aln",2275,2.0915164684501
"5067","Aln",2276,2.09307040417578
"5068","Aln",2277,2.09437668457233
"5069","Aln",2278,2.09542972720126
"5070","Aln",2279,2.09622427935407
"5071","Aln",2280,2.09675542053093
"5072","Aln",2281,2.09701855572586
"5073","Aln",2282,2.09700940660729
"5074","Aln",2283,2.0967240029594
"5075","Aln",2284,2.09615867438888
"5076","Aln",2285,2.09531004230048
"5077","Aln",2286,2.09417501214539
"5078","Aln",2287,2.09275076594538
"5079","Aln",2288,2.09103475509597
"5080","Aln",2289,2.08902469345127
"5081","Aln",2290,2.08671855069293
"5082","Aln",2291,2.08411454598556
"5083","Aln",2292,2.08121114192051
"5084","Aln",2293,2.07800703874978
"5085","Aln",2294,2.07450116891151
"5086","Aln",2295,2.0706926944793
"5087","Aln",2296,2.06658101542888
"5088","Aln",2297,2.06216579398475
"5089","Aln",2298,2.05744698978566
"5090","Aln",2299,2.05242489797652
"5091","Aln",2300,2.047100187596
"5092","Aln",2301,2.04147394025946
"5093","Aln",2302,2.03554768913658
"5094","Aln",2303,2.02932345822257
"5095","Aln",2304,2.02280380190144
"5096","Aln",2305,2.01599184479945
"5097","Aln",2306,2.00889132192603
"5098","Aln",2307,2.00150661909936
"5099","Aln",2308,1.99384281365268
"5100","Aln",2309,1.98590571541727
"5101","Aln",2310,1.97770190797699
"5102","Aln",2311,1.96923879018875
"5103","Aln",2312,1.96052461170726
"5104","Aln",2313,1.95156848374114
"5105","Aln",2314,1.94238035252197
"5106","Aln",2315,1.93297094798781
"5107","Aln",2316,1.92335172643716
"5108","Aln",2317,1.91353481339822
"5109","Aln",2318,1.90353294670225
"5110","Aln",2319,1.89335941974927
"5111","Aln",2320,1.88302802495366
"5112","Aln",2321,1.87255299735692
"5113","Aln",2322,1.86194895839386
"5114","Aln",2323,1.85123085979873
"5115","Aln",2324,1.84041392763675
"5116","Aln",2325,1.82951360644678
"5117","Aln",2326,1.81854550348009
"5118","Aln",2327,1.80752533302039
"5119","Aln",2328,1.79646886076972
"5120","Aln",2329,1.78539184828524
"5121","Aln",2330,1.77430999745123
"5122","Aln",2331,1.7632388949712
"5123","Aln",2332,1.75219395966222
"5124","Aln",2333,1.74119040092838
"5125","Aln",2334,1.73024319399343
"5126","Aln",2335,1.71936706628269
"5127","Aln",2336,1.70857648654776
"5128","Aln",2337,1.69788565392191
"5129","Aln",2338,1.6873084868924
"5130","Aln",2339,1.67685861217563
"5131","Aln",2340,1.66654935348175
"5132","Aln",2341,1.65639372015533
"5133","Aln",2342,1.64640439567918
"5134","Aln",2343,1.63659372602868
"5135","Aln",2344,1.62697370786414
"5136","Aln",2345,1.61755597654931
"5137","Aln",2346,1.60835179398426
"5138","Aln",2347,1.59937203624137
"5139","Aln",2348,1.59062718099338
"5140","Aln",2349,1.58212729472294
"5141","Aln",2350,1.57388201970355
"5142","Aln",2351,1.56590056092828
"5143","Aln",2352,1.55819167353592
"5144","Aln",2353,1.5507636510984
"5145","Aln",2354,1.54362431438812
"5146","Aln",2355,1.53678100005816
"5147","Aln",2356,1.53024054904149
"5148","Aln",2357,1.52400929466189
"5149","Aln",2358,1.5180930504501
"5150","Aln",2359,1.51249709765882
"5151","Aln",2360,1.50722617247116
"5152","Aln",2361,1.50228445289711
"5153","Aln",2362,1.49767554535373
"5154","Aln",2363,1.49340247092468
"5155","Aln",2364,1.48946765129587
"5156","Aln",2365,1.48587289436405
"5157","Aln",2366,1.48261937951622
"5158","Aln",2367,1.47970764257787
"5159","Aln",2368,1.4771375604291
"5160","Aln",2369,1.47490833528799
"5161","Aln",2370,1.47301848181423
"5162","Aln",2371,1.47146582649207
"5163","Aln",2372,1.47024752559985
"5164","Aln",2373,1.4693600954624
"5165","Aln",2374,1.46879944553078
"5166","Aln",2375,1.46856091113992
"5167","Aln",2376,1.46863928594812
"5168","Aln",2377,1.46902885406294
"5169","Aln",2378,1.46972342185854
"5170","Aln",2379,1.47071634949
"5171","Aln",2380,1.4720005821107
"5172","Aln",2381,1.47356868079916
"5173","Aln",2382,1.47541285320219
"5174","Aln",2383,1.47752498390165
"5175","Aln",2384,1.47989666451237
"5176","Aln",2385,1.48251922351902
"5177","Aln",2386,1.48538375586033
"5178","Aln",2387,1.48848115226883
"5179","Aln",2388,1.49180212837504
"5180","Aln",2389,1.49533725267741
"5181","Aln",2390,1.49907697066515
"5182","Aln",2391,1.50301162328842
"5183","Aln",2392,1.50713146159991
"5184","Aln",2393,1.5114266602991
"5185","Aln",2394,1.51588733109617
"5186","Aln",2395,1.52050353590509
"5187","Aln",2396,1.52526529987536
"5188","Aln",2397,1.53016262427243
"5189","Aln",2398,1.53518549921608
"5190","Aln",2399,1.54032391628686
"5191","Aln",2400,1.54556788101014
"5192","Aln",2401,1.55090742522757
"5193","Aln",2402,1.55633261936565
"5194","Aln",2403,1.56183358461124
"5195","Aln",2404,1.56740050500345
"5196","Aln",2405,1.57302363945182
"5197","Aln",2406,1.57869333369006
"5198","Aln",2407,1.58440003283184
"5199","Aln",2408,1.59013429650836
"5200","Aln",2409,1.59588681791052
"5201","Aln",2410,1.60164844543138
"5202","Aln",2411,1.60741020494752
"5203","Aln",2412,1.61316332209153
"5204","Aln",2413,1.61889924452413
"5205","Aln",2414,1.62460966421474
"5206","Aln",2415,1.63028653973861
"5207","Aln",2416,1.63592211859866
"5208","Aln",2417,1.64150895957993
"5209","Aln",2418,1.64703995514407
"5210","Aln",2419,1.65250835387115
"5211","Aln",2420,1.65790778295575
"5212","Aln",2421,1.66323227076386
"5213","Aln",2422,1.66847626945671
"5214","Aln",2423,1.67363467768756
"5215","Aln",2424,1.67870286337655
"5216","Aln",2425,1.68367668656883
"5217","Aln",2426,1.68855252238034
"5218","Aln",2427,1.69332727913363
"5219","Aln",2428,1.69799839698264
"5220","Aln",2429,1.70256381722608
"5221","Aln",2430,1.70702193211524
"5222","Aln",2431,1.71137152986297
"5223","Aln",2432,1.71561173975699
"5224","Aln",2433,1.71974197737884
"5225","Aln",2434,1.7237618899292
"5226","Aln",2435,1.72767130166035
"5227","Aln",2436,1.73147015941597
"5228","Aln",2437,1.73515847827857
"5229","Aln",2438,1.73873628732463
"5230","Aln",2439,1.74220357548743
"5231","Aln",2440,1.74556023752761
"5232","Aln",2441,1.74880602011139
"5233","Aln",2442,1.75194046799677
"5234","Aln",2443,1.75496287032778
"5235","Aln",2444,1.75787220703737
"5236","Aln",2445,1.76066709535964
"5237","Aln",2446,1.76334573645244
"5238","Aln",2447,1.76590586870192
"5239","Aln",2448,1.76834474742208
"5240","Aln",2449,1.77065916409189
"5241","Aln",2450,1.77284549199218
"5242","Aln",2451,1.7748997385344
"5243","Aln",2452,1.77681759771422
"5244","Aln",2453,1.77859450269416
"5245","Aln",2454,1.78022567851913
"5246","Aln",2455,1.78170619496944
"5247","Aln",2456,1.78303101955593
"5248","Aln",2457,1.78419507066186
"5249","Aln",2458,1.78519327083668
"5250","Aln",2459,1.78602060024628
"5251","Aln",2460,1.78667215028497
"5252","Aln",2461,1.78714317735383
"5253","Aln",2462,1.78742915681025
"5254","Aln",2463,1.78752583709332
"5255","Aln",2464,1.78742929402936
"5256","Aln",2465,1.78713598532174
"5257","Aln",2466,1.78664280522886
"5258","Aln",2467,1.78594713943352
"5259","Aln",2468,1.78504691539979
"5260","Aln",2469,1.78394063409818
"5261","Aln",2470,1.78262737368693
"5262","Aln",2471,1.7811067745651
"5263","Aln",2472,1.77937901992002
"5264","Aln",2473,1.77744481647637
"5265","Aln",2474,1.77530537544696
"5266","Aln",2475,1.77296239368442
"5267","Aln",2476,1.77041803503257
"5268","Aln",2477,1.76767491187598
"5269","Aln",2478,1.76473606688548
"5270","Aln",2479,1.76160495495715
"5271","Aln",2480,1.75828542534186
"5272","Aln",2481,1.75478170396191
"5273","Aln",2482,1.75109837591111
"5274","Aln",2483,1.74724036813417
"5275","Aln",2484,1.7432129322809
"5276","Aln",2485,1.73902162773053
"5277","Aln",2486,1.73467230478089
"5278","Aln",2487,1.73017108799718
"5279","Aln",2488,1.72552435971457
"5280","Aln",2489,1.72073874368868
"5281","Aln",2490,1.71582108888768
"5282","Aln",2491,1.71077845341973
"5283","Aln",2492,1.70561808858886
"5284","Aln",2493,1.70034742307261
"5285","Aln",2494,1.69497404721426
"5286","Aln",2495,1.68950569742251
"5287","Aln",2496,1.68395024067109
"5288","Aln",2497,1.67831565909094
"5289","Aln",2498,1.67261003464714
"5290","Aln",2499,1.66684153389296
"5291","Aln",2500,1.661018392793
"5292","Aln",2501,1.65514890160769
"5293","Aln",2502,1.64924138983084
"5294","Aln",2503,1.64330421117255
"5295","Aln",2504,1.63734572857891
"5296","Aln",2505,1.63137429928082
"5297","Aln",2506,1.62539825986346
"5298","Aln",2507,1.61942591134836
"5299","Aln",2508,1.61346550428009
"5300","Aln",2509,1.60752522407391
"5301","Aln",2510,1.60161317741041
"5302","Aln",2511,1.59573738019836
"5303","Aln",2512,1.58990574656868
"5304","Aln",2513,1.58412607809776
"5305","Aln",2514,1.57840605298773
"5306","Aln",2515,1.57275321519628
"5307","Aln",2516,1.56717496350831
"5308","Aln",2517,1.56167854054227
"5309","Aln",2518,1.55627102168386
"5310","Aln",2519,1.55095930394004
"5311","Aln",2520,1.5457500947066
"5312","Aln",2521,1.54064990044237
"5313","Aln",2522,1.53566501524368
"5314","Aln",2523,1.53080150931272
"5315","Aln",2524,1.52606521731362
"5316","Aln",2525,1.5214617266104
"5317","Aln",2526,1.51699636538102
"5318","Aln",2527,1.51267419060225
"5319","Aln",2528,1.50849997590002
"5320","Aln",2529,1.50447819979967
"5321","Aln",2530,1.50061303598966
"5322","Aln",2531,1.49690834667284
"5323","Aln",2532,1.49336767792263
"5324","Aln",2533,1.48999425542236
"5325","Aln",2534,1.48679098004491
"5326","Aln",2535,1.48376042326957
"5327","Aln",2536,1.48090482243327
"5328","Aln",2537,1.47822607581361
"5329","Aln",2538,1.47572573754168
"5330","Aln",2539,1.47340501234263
"5331","Aln",2540,1.47126475010261
"5332","Aln",2541,1.46930544026083
"5333","Aln",2542,1.46752720602605
"5334","Aln",2543,1.46592979841676
"5335","Aln",2544,1.46451259012526
"5336","Aln",2545,1.46327456920562
"5337","Aln",2546,1.46221433258631
"5338","Aln",2547,1.46133007940834
"5339","Aln",2548,1.46061960419044
"5340","Aln",2549,1.46008029126517
"5341","Aln",2550,1.45970911481499
"5342","Aln",2551,1.45950264739526
"5343","Aln",2552,1.45945707406276
"5344","Aln",2553,1.45956820778611
"5345","Aln",2554,1.45983150469958
"5346","Aln",2555,1.46024207920443
"5347","Aln",2556,1.46079471892208
"5348","Aln",2557,1.46148389950399
"5349","Aln",2558,1.46230379930326
"5350","Aln",2559,1.46324831391326
"5351","Aln",2560,1.46431107057908
"5352","Aln",2561,1.46548544248772
"5353","Aln",2562,1.46676456294309
"5354","Aln",2563,1.46814133943244
"5355","Aln",2564,1.46960846759081
"5356","Aln",2565,1.47115844507041
"5357","Aln",2566,1.47278358532214
"5358","Aln",2567,1.4744760312963
"5359","Aln",2568,1.47622776907035
"5360","Aln",2569,1.47803064042841
"5361","Aln",2570,1.47987635145288
"5362","Aln",2571,1.48175647517076
"5363","Aln",2572,1.48366245022805
"5364","Aln",2573,1.48558557854807
"5365","Aln",2574,1.48751702296467
"5366","Aln",2575,1.4894478048388
"5367","Aln",2576,1.49136880166701
"5368","Aln",2577,1.49327074469074
"5369","Aln",2578,1.49514421651513
"5370","Aln",2579,1.49697964874652
"5371","Aln",2580,1.49876731965778
"5372","Aln",2581,1.50049735189069
"5373","Aln",2582,1.50215971020509
"5374","Aln",2583,1.5037441992841
"5375","Aln",2584,1.50524046160549
"5376","Aln",2585,1.50663797538894
"5377","Aln",2586,1.50792605262936
"5378","Aln",2587,1.50909383722653
"5379","Aln",2588,1.51013030322147
"5380","Aln",2589,1.51102425315001
"5381","Aln",2590,1.51176432160495
"5382","Aln",2591,1.51233899925849
"5383","Aln",2592,1.51273668751713
"5384","Aln",2593,1.5129457736591
"5385","Aln",2594,1.51295471122478
"5386","Aln",2595,1.5127521005908
"5387","Aln",2596,1.51232676973905
"5388","Aln",2597,1.51166785523185
"5389","Aln",2598,1.51076488340383
"5390","Aln",2599,1.50960785178136
"5391","Aln",2600,1.50818731073944
"5392","Aln",2601,1.50649444540603
"5393","Aln",2602,1.50452115782269
"5394","Aln",2603,1.5022601493703
"5395","Aln",2604,1.49970500346764
"5396","Aln",2605,1.49685026854988
"5397","Aln",2606,1.49369154133321
"5398","Aln",2607,1.49022555037089
"5399","Aln",2608,1.48645023990498
"5400","Aln",2609,1.48236484402042
"5401","Aln",2610,1.47796992111433
"5402","Aln",2611,1.47326732868839
"5403","Aln",2612,1.46826015845659
"5404","Aln",2613,1.46295266175568
"5405","Aln",2614,1.45735017525203
"5406","Aln",2615,1.4514590469404
"5407","Aln",2616,1.44528656242979
"5408","Aln",2617,1.43884087151004
"5409","Aln",2618,1.43213091499217
"5410","Aln",2619,1.42516635181455
"5411","Aln",2620,1.41795748640624
"5412","Aln",2621,1.41051519629807
"5413","Aln",2622,1.40285085997156
"5414","Aln",2623,1.39497628493494
"5415","Aln",2624,1.38690363601544
"5416","Aln",2625,1.37864536385619
"5417","Aln",2626,1.37021413360602
"5418","Aln",2627,1.36162275379002
"5419","Aln",2628,1.35288410534854
"5420","Aln",2629,1.34401107419351
"5421","Aln",2630,1.33501649735338
"5422","Aln",2631,1.32591312941655
"5423","Aln",2632,1.31671362253852
"5424","Aln",2633,1.30743050991625
"5425","Aln",2634,1.29807618935633
"5426","Aln",2635,1.28866290692464
"5427","Aln",2636,1.27920274066548
"5428","Aln",2637,1.26970758437827
"5429","Aln",2638,1.26018913143997
"5430","Aln",2639,1.25065885866172
"5431","Aln",2640,1.24112801016827
"5432","Aln",2641,1.23160758128909
"5433","Aln",2642,1.22210830245008
"5434","Aln",2643,1.21264062305536
"5435","Aln",2644,1.20321469534845
"5436","Aln",2645,1.19384035824297
"5437","Aln",2646,1.18452712111265
"5438","Aln",2647,1.17528414753135
"5439","Aln",2648,1.16612023895366
"5440","Aln",2649,1.15704381832717
"5441","Aln",2650,1.14806291362801
"5442","Aln",2651,1.13918514307867
"5443","Aln",2652,1.13041770734316
"5444","Aln",2653,1.12176739222681
"5445","Aln",2654,1.11324057833889
"5446","Aln",2655,1.10484325240872
"5447","Aln",2656,1.09658101848176
"5448","Aln",2657,1.08845910898958
"5449","Aln",2658,1.08048239568847
"5450","Aln",2659,1.07265540046144
"5451","Aln",2660,1.06498230597894
"5452","Aln",2661,1.05746696621382
"5453","Aln",2662,1.05011291680654
"5454","Aln",2663,1.04292338527679
"5455","Aln",2664,1.03590130107807
"5456","Aln",2665,1.02904930549215
"5457","Aln",2666,1.0223697613605
"5458","Aln",2667,1.0158647626501
"5459","Aln",2668,1.00953614385135
"5460","Aln",2669,1.00338548920603
"5461","Aln",2670,0.997414141763547
"5462","Aln",2671,0.991623212263809
"5463","Aln",2672,0.986013587845577
"5464","Aln",2673,0.980585940579077
"5465","Aln",2674,0.975340735822067
"5466","Aln",2675,0.970278240398682
"5467","Aln",2676,0.965398530600598
"5468","Aln",2677,0.96070150001026
"5469","Aln",2678,0.956186867146089
"5470","Aln",2679,0.951854182929764
"5471","Aln",2680,0.947702837975866
"5472","Aln",2681,0.9437320697043
"5473","Aln",2682,0.939940969276089
"5474","Aln",2683,0.936328488353295
"5475","Aln",2684,0.932893445683928
"5476","Aln",2685,0.92963453351287
"5477","Aln",2686,0.926550323819973
"5478","Aln",2687,0.923639274386582
"5479","Aln",2688,0.920899734691884
"5480","Aln",2689,0.918329951640585
"5481","Aln",2690,0.915928075123507
"5482","Aln",2691,0.913692163412831
"5483","Aln",2692,0.911620188393764
"5484","Aln",2693,0.909710040634538
"5485","Aln",2694,0.907959534296699
"5486","Aln",2695,0.906366411887755
"5487","Aln",2696,0.904928348858298
"5488","Aln",2697,0.903642958045802
"5489","Aln",2698,0.902507793967361
"5490","Aln",2699,0.90152035696369
"5491","Aln",2700,0.900678097196766
"5492","Cal",-36,1.95513056860655
"5493","Cal",-35,1.95051387277644
"5494","Cal",-34,1.94582682648971
"5495","Cal",-33,1.94107126353748
"5496","Cal",-32,1.93624929515085
"5497","Cal",-31,1.93136330096224
"5498","Cal",-30,1.92641592003128
"5499","Cal",-29,1.92141004193289
"5500","Cal",-28,1.91634879790515
"5501","Cal",-27,1.91123555205403
"5502","Cal",-26,1.90607389261191
"5503","Cal",-25,1.90086762324669
"5504","Cal",-24,1.895620754418
"5505","Cal",-23,1.89033749477674
"5506","Cal",-22,1.88502224260405
"5507","Cal",-21,1.87967957728577
"5508","Cal",-20,1.87431425081784
"5509","Cal",-19,1.86893117933844
"5510","Cal",-18,1.86353543446258
"5511","Cal",-17,1.85813223375629
"5512","Cal",-16,1.85272692990629
"5513","Cal",-15,1.84732499901916
"5514","Cal",-14,1.84193202870308
"5515","Cal",-13,1.83655370614619
"5516","Cal",-12,1.83119580618615
"5517","Cal",-11,1.82586417936549
"5518","Cal",-10,1.82056473996685
"5519","Cal",-9,1.8153034540228
"5520","Cal",-8,1.81008632729406
"5521","Cal",-7,1.80491939321067
"5522","Cal",-6,1.79980870077006
"5523","Cal",-5,1.79476030238624
"5524","Cal",-4,1.7897802416841
"5525","Cal",-3,1.78487454123312
"5526","Cal",-2,1.78004919021446
"5527","Cal",-1,1.77531013196643
"5528","Cal",0,1.77066325125527
"5529","Cal",1,1.76611436116704
"5530","Cal",2,1.7616691897132
"5531","Cal",3,1.75733336629171
"5532","Cal",4,1.75311240804701
"5533","Cal",5,1.74901170612357
"5534","Cal",6,1.74503651180753
"5535","Cal",7,1.74119192255129
"5536","Cal",8,1.73748286787581
"5537","Cal",9,1.73391409514578
"5538","Cal",10,1.73049015521278
"5539","Cal",11,1.72721538792189
"5540","Cal",12,1.72409390747719
"5541","Cal",13,1.7211295876621
"5542","Cal",14,1.71832604691044
"5543","Cal",15,1.71568663512308
"5544","Cal",16,1.71321442792237
"5545","Cal",17,1.71091223213842
"5546","Cal",18,1.70878259872692
"5547","Cal",19,1.70682783741996
"5548","Cal",20,1.70505003120894
"5549","Cal",21,1.70345105065706
"5550","Cal",22,1.7020325680396
"5551","Cal",23,1.70079607130998
"5552","Cal",24,1.69974287789005
"5553","Cal",25,1.69887414828311
"5554","Cal",26,1.69819089950846
"5555","Cal",27,1.69769401835622
"5556","Cal",28,1.69738427446146
"5557","Cal",29,1.69726233319685
"5558","Cal",30,1.69732876838298
"5559","Cal",31,1.69758407481571
"5560","Cal",32,1.69802867815332
"5561","Cal",33,1.6986629347926
"5562","Cal",34,1.69948711682018
"5563","Cal",35,1.70050138695202
"5564","Cal",36,1.70170577083128
"5565","Cal",37,1.70310012914092
"5566","Cal",38,1.70468412953117
"5567","Cal",39,1.70645721836201
"5568","Cal",40,1.70841859226093
"5569","Cal",41,1.71056716949657
"5570","Cal",42,1.71290156116903
"5571","Cal",43,1.71542004221794
"5572","Cal",44,1.71812052224961
"5573","Cal",45,1.72100051618496
"5574","Cal",46,1.72405711473035
"5575","Cal",47,1.72728695467363
"5576","Cal",48,1.73068618900845
"5577","Cal",49,1.73425046161425
"5578","Cal",50,1.7379749006694
"5579","Cal",51,1.74185414025036
"5580","Cal",52,1.74588236067278
"5581","Cal",53,1.75005333340648
"5582","Cal",54,1.75436046584541
"5583","Cal",55,1.75879684593874
"5584","Cal",56,1.76335528668937
"5585","Cal",57,1.76802837052668
"5586","Cal",58,1.77280849356045
"5587","Cal",59,1.77768790972311
"5588","Cal",60,1.78265877480786
"5589","Cal",61,1.78771319040998
"5590","Cal",62,1.7928432477791
"5591","Cal",63,1.7980410715901
"5592","Cal",64,1.80329886364024
"5593","Cal",65,1.8086089464802
"5594","Cal",66,1.8139638017849
"5595","Cal",67,1.81935608786599
"5596","Cal",68,1.82477862592983
"5597","Cal",69,1.83022436549166
"5598","Cal",70,1.83568634455847
"5599","Cal",71,1.84115764978914
"5600","Cal",72,1.84663137663885
"5601","Cal",73,1.85210058949426
"5602","Cal",74,1.85755828180647
"5603","Cal",75,1.86299733622833
"5604","Cal",76,1.86841048476307
"5605","Cal",77,1.87379026893114
"5606","Cal",78,1.87912899996242
"5607","Cal",79,1.88441871902101
"5608","Cal",80,1.8896511574702
"5609","Cal",81,1.89481769718528
"5610","Cal",82,1.89990933092243
"5611","Cal",83,1.90491663300303
"5612","Cal",84,1.90982977107548
"5613","Cal",85,1.91463857946595
"5614","Cal",86,1.9193326736253
"5615","Cal",87,1.92390157492896
"5616","Cal",88,1.92833483558848
"5617","Cal",89,1.93262216368518
"5618","Cal",90,1.93675354833588
"5619","Cal",91,1.94071938500062
"5620","Cal",92,1.94451060094217
"5621","Cal",93,1.94811878084666
"5622","Cal",94,1.95153629261395
"5623","Cal",95,1.95475641332599
"5624","Cal",96,1.95777345540056
"5625","Cal",97,1.96058289293683
"5626","Cal",98,1.96318148825822
"5627","Cal",99,1.96556741865696
"5628","Cal",100,1.96774038639816
"5629","Cal",101,1.96970166114968
"5630","Cal",102,1.97145402094757
"5631","Cal",103,1.97300162558633
"5632","Cal",104,1.97434987326681
"5633","Cal",105,1.97550525744314
"5634","Cal",106,1.97647522386328
"5635","Cal",107,1.97726802779708
"5636","Cal",108,1.97789259144459
"5637","Cal",109,1.97835836151672
"5638","Cal",110,1.97867516697954
"5639","Cal",111,1.97885307695314
"5640","Cal",112,1.97890225875553
"5641","Cal",113,1.97883283608179
"5642","Cal",114,1.97865474730877
"5643","Cal",115,1.97837761247995
"5644","Cal",116,1.97801063465491
"5645","Cal",117,1.97756255274312
"5646","Cal",118,1.97704162868402
"5647","Cal",119,1.97645564327093
"5648","Cal",120,1.97581189204625
"5649","Cal",121,1.97511718126018
"5650","Cal",122,1.97437782388609
"5651","Cal",123,1.97359963568565
"5652","Cal",124,1.97278793131786
"5653","Cal",125,1.97194752048602
"5654","Cal",126,1.9710827041177
"5655","Cal",127,1.9701972705729
"5656","Cal",128,1.96929449187619
"5657","Cal",129,1.96837711996929
"5658","Cal",130,1.96744738528121
"5659","Cal",131,1.96650700451477
"5660","Cal",132,1.96555720224829
"5661","Cal",133,1.9645987417498
"5662","Cal",134,1.96363195810108
"5663","Cal",135,1.96265679133041
"5664","Cal",136,1.96167281955355
"5665","Cal",137,1.96067929212319
"5666","Cal",138,1.95967516278696
"5667","Cal",139,1.95865912285504
"5668","Cal",140,1.9576296343782
"5669","Cal",141,1.95658496333749
"5670","Cal",142,1.95552321284722
"5671","Cal",143,1.95444235637274
"5672","Cal",144,1.95334027096499
"5673","Cal",145,1.95221477051363
"5674","Cal",146,1.95106363859104
"5675","Cal",147,1.94988465959915
"5676","Cal",148,1.94867564736155
"5677","Cal",149,1.9474344720228
"5678","Cal",150,1.94615908654701
"5679","Cal",151,1.94484755324775
"5680","Cal",152,1.94349807035122
"5681","Cal",153,1.94210899859459
"5682","Cal",154,1.94067888786119
"5683","Cal",155,1.93920650385428
"5684","Cal",156,1.9376908548106
"5685","Cal",157,1.93613121825507
"5686","Cal",158,1.93452716779748
"5687","Cal",159,1.93287859997189
"5688","Cal",160,1.9311857611192
"5689","Cal",161,1.92944927431285
"5690","Cal",162,1.92767016632755
"5691","Cal",163,1.9258498946503
"5692","Cal",164,1.92399037453273
"5693","Cal",165,1.92209400608338
"5694","Cal",166,1.92016370139789
"5695","Cal",167,1.91820291172498
"5696","Cal",168,1.91621564950151
"5697","Cal",169,1.91420648976299
"5698","Cal",170,1.91218054059814
"5699","Cal",171,1.91014339297044
"5700","Cal",172,1.90810106539221
"5701","Cal",173,1.90605994860947
"5702","Cal",174,1.90402675029152
"5703","Cal",175,1.90200843971934
"5704","Cal",176,1.90001219246606
"5705","Cal",177,1.89804533506285
"5706","Cal",178,1.89611528964321
"5707","Cal",179,1.89422951855863
"5708","Cal",180,1.89239546895829
"5709","Cal",181,1.89062051732569
"5710","Cal",182,1.8889119139649
"5711","Cal",183,1.88727672742924
"5712","Cal",184,1.88572178888544
"5713","Cal",185,1.88425363640641
"5714","Cal",186,1.88287845918587
"5715","Cal",187,1.88160204166866
"5716","Cal",188,1.88042971283785
"5717","Cal",189,1.87936631639469
"5718","Cal",190,1.87841621232074
"5719","Cal",191,1.87758329932296
"5720","Cal",192,1.87687104241581
"5721","Cal",193,1.87628250038943
"5722","Cal",194,1.87582035316041
"5723","Cal",195,1.87548692900222
"5724","Cal",196,1.8752842316526
"5725","Cal",197,1.87521396729577
"5726","Cal",198,1.87527757141732
"5727","Cal",199,1.87547623553019
"5728","Cal",200,1.87581093377042
"5729","Cal",201,1.87628244936128
"5730","Cal",202,1.876891400945
"5731","Cal",203,1.87763826878131
"5732","Cal",204,1.87852342081198
"5733","Cal",205,1.87954713859125
"5734","Cal",206,1.8807096430813
"5735","Cal",207,1.88201112031296
"5736","Cal",208,1.88345174368603
"5737","Cal",209,1.88503168323407
"5738","Cal",210,1.88675109540341
"5739","Cal",211,1.8886100997963
"5740","Cal",212,1.89060875255307
"5741","Cal",213,1.89274701959833
"5742","Cal",214,1.89502474975118
"5743","Cal",215,1.89744164769939
"5744","Cal",216,1.89999724683773
"5745","Cal",217,1.90269088197087
"5746","Cal",218,1.90552166188114
"5747","Cal",219,1.90848844176191
"5748","Cal",220,1.91158979551749
"5749","Cal",221,1.91482398793063
"5750","Cal",222,1.91818894669905
"5751","Cal",223,1.92168223434265
"5752","Cal",224,1.92530101998355
"5753","Cal",225,1.92904205100121
"5754","Cal",226,1.93290162456553
"5755","Cal",227,1.93687555905097
"5756","Cal",228,1.94095916533549
"5757","Cal",229,1.94514721798824
"5758","Cal",230,1.94943392635067
"5759","Cal",231,1.95381290551611
"5760","Cal",232,1.95827714721356
"5761","Cal",233,1.96281899629773
"5762","Cal",234,1.96743014994
"5763","Cal",235,1.97210169091949
"5764","Cal",236,1.97682414363053
"5765","Cal",237,1.98158753572753
"5766","Cal",238,1.98638145972038
"5767","Cal",239,1.99119513453027
"5768","Cal",240,1.99601746701589
"5769","Cal",241,2.00083711348052
"5770","Cal",242,2.00564254117089
"5771","Cal",243,2.01042208977861
"5772","Cal",244,2.01516403295568
"5773","Cal",245,2.01985663985511
"5774","Cal",246,2.02448823670827
"5775","Cal",247,2.02904726845026
"5776","Cal",248,2.03352236040464
"5777","Cal",249,2.03790238003886
"5778","Cal",250,2.04217649880126
"5779","Cal",251,2.04633425405065
"5780","Cal",252,2.05036561108888
"5781","Cal",253,2.05426102530652
"5782","Cal",254,2.05801150445159
"5783","Cal",255,2.06160867103035
"5784","Cal",256,2.06504482484914
"5785","Cal",257,2.0683130057052
"5786","Cal",258,2.07140704816762
"5787","Cal",259,2.0743216042561
"5788","Cal",260,2.07705211789052
"5789","Cal",261,2.07959476724953
"5790","Cal",262,2.08194639924168
"5791","Cal",263,2.0841044641593
"5792","Cal",264,2.0860669505182
"5793","Cal",265,2.08783232008576
"5794","Cal",266,2.08939944309929
"5795","Cal",267,2.09076753367634
"5796","Cal",268,2.09193608541799
"5797","Cal",269,2.09290480720591
"5798","Cal",270,2.09367355919379
"5799","Cal",271,2.09424228899342
"5800","Cal",272,2.09461096805551
"5801","Cal",273,2.09477952824551
"5802","Cal",274,2.09474779861427
"5803","Cal",275,2.09451544236385
"5804","Cal",276,2.09408189400846
"5805","Cal",277,2.09344629673116
"5806","Cal",278,2.09260743993656
"5807","Cal",279,2.09156369700076
"5808","Cal",280,2.0903129740779
"5809","Cal",281,2.08885270254082
"5810","Cal",282,2.08717989677472
"5811","Cal",283,2.08529125560933
"5812","Cal",284,2.08318327481684
"5813","Cal",285,2.08085235982023
"5814","Cal",286,2.07829493861547
"5815","Cal",287,2.07550757491076
"5816","Cal",288,2.07248708148659
"5817","Cal",289,2.06923063377965
"5818","Cal",290,2.06573588369369
"5819","Cal",291,2.06200107364019
"5820","Cal",292,2.05802515081082
"5821","Cal",293,2.05380788168353
"5822","Cal",294,2.0493499667632
"5823","Cal",295,2.04465315555697
"5824","Cal",296,2.03972034837975
"5825","Cal",297,2.03455564477666
"5826","Cal",298,2.02916431175195
"5827","Cal",299,2.02355269860803
"5828","Cal",300,2.01772813860101
"5829","Cal",301,2.0116988508103
"5830","Cal",302,2.00547384221548
"5831","Cal",303,1.99906280997203
"5832","Cal",304,1.99247604387763
"5833","Cal",305,1.98572432901935
"5834","Cal",306,1.97881884859183
"5835","Cal",307,1.97177108687602
"5836","Cal",308,1.96459273236762
"5837","Cal",309,1.957295581044
"5838","Cal",310,1.94989143975836
"5839","Cal",311,1.94239202974969
"5840","Cal",312,1.93480889588917
"5841","Cal",313,1.92715333854877
"5842","Cal",314,1.91943637934514
"5843","Cal",315,1.91166874948337
"5844","Cal",316,1.90386088379299
"5845","Cal",317,1.89602291481352
"5846","Cal",318,1.88816466691933
"5847","Cal",319,1.88029565047403
"5848","Cal",320,1.87242505600472
"5849","Cal",321,1.86456174838694
"5850","Cal",322,1.85671426103126
"5851","Cal",323,1.84889079006302
"5852","Cal",324,1.8410991884867
"5853","Cal",325,1.83334696032717
"5854","Cal",326,1.82564125473997
"5855","Cal",327,1.81798886100653
"5856","Cal",328,1.8103962071764
"5857","Cal",329,1.80286936419623
"5858","Cal",330,1.79541405367287
"5859","Cal",331,1.78803565649559
"5860","Cal",332,1.78073922138883
"5861","Cal",333,1.77352947339009
"5862","Cal",334,1.76641082224812
"5863","Cal",335,1.75938737073689
"5864","Cal",336,1.7524629228808
"5865","Cal",337,1.7456409920874
"5866","Cal",338,1.73892480918368
"5867","Cal",339,1.73231733035267
"5868","Cal",340,1.72582124496712
"5869","Cal",341,1.7194389825064
"5870","Cal",342,1.7131727161212
"5871","Cal",343,1.70702436122161
"5872","Cal",344,1.70099557070856
"5873","Cal",345,1.69508772927946
"5874","Cal",346,1.68930194761748
"5875","Cal",347,1.68363905646318
"5876","Cal",348,1.67809960056721
"5877","Cal",349,1.6726838325235
"5878","Cal",350,1.66739170648234
"5879","Cal",351,1.66222287174293
"5880","Cal",352,1.65717666622582
"5881","Cal",353,1.65225210982515
"5882","Cal",354,1.64744789764172
"5883","Cal",355,1.6427623945637
"5884","Cal",356,1.63819363559471
"5885","Cal",357,1.63373933486312
"5886","Cal",358,1.62939690038215
"5887","Cal",359,1.62516345016476
"5888","Cal",360,1.62103582822962
"5889","Cal",361,1.61701062050104
"5890","Cal",362,1.61308417060594
"5891","Cal",363,1.60925259557112
"5892","Cal",364,1.60551180142435
"5893","Cal",365,1.60185749870325
"5894","Cal",366,1.59828521787565
"5895","Cal",367,1.59479032467591
"5896","Cal",368,1.59136803536127
"5897","Cal",369,1.58801343189294
"5898","Cal",370,1.58472147704651
"5899","Cal",371,1.58148702945642
"5900","Cal",372,1.57830486014064
"5901","Cal",373,1.57516967513424
"5902","Cal",374,1.57207614731914
"5903","Cal",375,1.56901895437295
"5904","Cal",376,1.56599281821843
"5905","Cal",377,1.56299254443749
"5906","Cal",378,1.56001306165493
"5907","Cal",379,1.55704946089685
"5908","Cal",380,1.55409703492879
"5909","Cal",381,1.55115131757827
"5910","Cal",382,1.54820812304631
"5911","Cal",383,1.54526358521232
"5912","Cal",384,1.5423141969363
"5913","Cal",385,1.53935684936227
"5914","Cal",386,1.53638887122614
"5915","Cal",387,1.53340806817119
"5916","Cal",388,1.53041276207364
"5917","Cal",389,1.52740182532071
"5918","Cal",390,1.52437469486331
"5919","Cal",391,1.52133135592503
"5920","Cal",392,1.51827230548742
"5921","Cal",393,1.51519851073101
"5922","Cal",394,1.51211136749151
"5923","Cal",395,1.50901265873002
"5924","Cal",396,1.50590451301619
"5925","Cal",397,1.5027893630224
"5926","Cal",398,1.49966990402704
"5927","Cal",399,1.49654905242441
"5928","Cal",400,1.49342990423883
"5929","Cal",401,1.49031569363991
"5930","Cal",402,1.48720975145614
"5931","Cal",403,1.48411546368362
"5932","Cal",404,1.48103622998672
"5933","Cal",405,1.47797542218733
"5934","Cal",406,1.47493634273951
"5935","Cal",407,1.47192218318616
"5936","Cal",408,1.46893598259466
"5937","Cal",409,1.46598058596821
"5938","Cal",410,1.46305860662215
"5939","Cal",411,1.46017240449892
"5940","Cal",412,1.45732408840309
"5941","Cal",413,1.45451553417023
"5942","Cal",414,1.45174840679105
"5943","Cal",415,1.44902418249684
"5944","Cal",416,1.44634417080473
"5945","Cal",417,1.44370953652117
"5946","Cal",418,1.4411213217024
"5947","Cal",419,1.43858046757078
"5948","Cal",420,1.43608783638592
"5949","Cal",421,1.43364423326973
"5950","Cal",422,1.43125042798447
"5951","Cal",423,1.42890717666307
"5952","Cal",424,1.42661524349095
"5953","Cal",425,1.42437542233849
"5954","Cal",426,1.42218855834362
"5955","Cal",427,1.42005556944346
"5956","Cal",428,1.41797746785443
"5957","Cal",429,1.41595538149979
"5958","Cal",430,1.41399057538358
"5959","Cal",431,1.41208447059724
"5960","Cal",432,1.41023865401932
"5961","Cal",433,1.40845487408131
"5962","Cal",434,1.40673502722371
"5963","Cal",435,1.40508114197885
"5964","Cal",436,1.40349536299121
"5965","Cal",437,1.4019799349736
"5966","Cal",438,1.40053718659677
"5967","Cal",439,1.39916951431049
"5968","Cal",440,1.39787936609381
"5969","Cal",441,1.39666922513209
"5970","Cal",442,1.39554159341845
"5971","Cal",443,1.39449897527737
"5972","Cal",444,1.39354386080772
"5973","Cal",445,1.39267870924311
"5974","Cal",446,1.39190593222692
"5975","Cal",447,1.39122787699968
"5976","Cal",448,1.3906468094965
"5977","Cal",449,1.39016489735223
"5978","Cal",450,1.38978419281221
"5979","Cal",451,1.38950661554632
"5980","Cal",452,1.38933393536468
"5981","Cal",453,1.38926775483274
"5982","Cal",454,1.38930949178435
"5983","Cal",455,1.38946036173116
"5984","Cal",456,1.38972136016685
"5985","Cal",457,1.39009324476524
"5986","Cal",458,1.39057651747117
"5987","Cal",459,1.39117140648344
"5988","Cal",460,1.39187784812934
"5989","Cal",461,1.39269546863058
"5990","Cal",462,1.39362356576071
"5991","Cal",463,1.39466109039428
"5992","Cal",464,1.39580662794858
"5993","Cal",465,1.39705837971891
"5994","Cal",466,1.39841414410882
"5995","Cal",467,1.399871297757
"5996","Cal",468,1.40142677656305
"5997","Cal",469,1.40307706049465
"5998","Cal",470,1.40481817381903
"5999","Cal",471,1.40664570852212
"6000","Cal",472,1.40855486315934
"6001","Cal",473,1.41054048550225
"6002","Cal",474,1.41259711510598
"6003","Cal",475,1.41471902580218
"6004","Cal",476,1.41690026812294
"6005","Cal",477,1.41913471166127
"6006","Cal",478,1.42141608737377
"6007","Cal",479,1.42373802983155
"6008","Cal",480,1.42609411862679
"6009","Cal",481,1.42847791654477
"6010","Cal",482,1.43088300291024
"6011","Cal",483,1.4333030037119
"6012","Cal",484,1.43573162090725
"6013","Cal",485,1.43816266171303
"6014","Cal",486,1.44059006788704
"6015","Cal",487,1.44300794500769
"6016","Cal",488,1.4454105917569
"6017","Cal",489,1.44779252921225
"6018","Cal",490,1.45014853015386
"6019","Cal",491,1.45247364611321
"6020","Cal",492,1.454763225335
"6021","Cal",493,1.45701291710057
"6022","Cal",494,1.45921866697362
"6023","Cal",495,1.4613767098066
"6024","Cal",496,1.46348356278978
"6025","Cal",497,1.46553601854668
"6026","Cal",498,1.46753113827922
"6027","Cal",499,1.46946624496575
"6028","Cal",500,1.47133891661486
"6029","Cal",501,1.47314697957746
"6030","Cal",502,1.47488850191968
"6031","Cal",503,1.47656178685854
"6032","Cal",504,1.47816536626235
"6033","Cal",505,1.47969799421748
"6034","Cal",506,1.48115864066301
"6035","Cal",507,1.48254648509435
"6036","Cal",508,1.48386091033687
"6037","Cal",509,1.48510149639046
"6038","Cal",510,1.48626801434547
"6039","Cal",511,1.48736042037052
"6040","Cal",512,1.48837884977238
"6041","Cal",513,1.48932361112802
"6042","Cal",514,1.49019518048863
"6043","Cal",515,1.4909941956553
"6044","Cal",516,1.49172145052605
"6045","Cal",517,1.49237788951338
"6046","Cal",518,1.49296460203169
"6047","Cal",519,1.49348281705368
"6048","Cal",520,1.49393389773459
"6049","Cal",521,1.49431933610311
"6050","Cal",522,1.49464074781765
"6051","Cal",523,1.49489986698656
"6052","Cal",524,1.49509854105058
"6053","Cal",525,1.49523872572605
"6054","Cal",526,1.49532248000687
"6055","Cal",527,1.49535196122345
"6056","Cal",528,1.49532942015661
"6057","Cal",529,1.49525719620427
"6058","Cal",530,1.49513771259884
"6059","Cal",531,1.49497347167292
"6060","Cal",532,1.49476705017111
"6061","Cal",533,1.49452109460527
"6062","Cal",534,1.49423831665097
"6063","Cal",535,1.49392148858231
"6064","Cal",536,1.49357343874272
"6065","Cal",537,1.49319704704878
"6066","Cal",538,1.49279524052457
"6067","Cal",539,1.49237098886348
"6068","Cal",540,1.49192730001488
"6069","Cal",541,1.49146721579255
"6070","Cal",542,1.49099380750213
"6071","Cal",543,1.49051017158441
"6072","Cal",544,1.49001942527173
"6073","Cal",545,1.48952470225418
"6074","Cal",546,1.48902914835289
"6075","Cal",547,1.48853591719704
"6076","Cal",548,1.48804816590176
"6077","Cal",549,1.48756905074377
"6078","Cal",550,1.4871017228316
"6079","Cal",551,1.4866493237675
"6080","Cal",552,1.48621498129778
"6081","Cal",553,1.4858018049487
"6082","Cal",554,1.48541288164468
"6083","Cal",555,1.48505127130598
"6084","Cal",556,1.48472000242266
"6085","Cal",557,1.48442206760209
"6086","Cal",558,1.48416041908677
"6087","Cal",559,1.48393796423974
"6088","Cal",560,1.48375756107703
"6089","Cal",561,1.48362201409135
"6090","Cal",562,1.48353407052888
"6091","Cal",563,1.48349641695184
"6092","Cal",564,1.48351167583708
"6093","Cal",565,1.4835824021256
"6094","Cal",566,1.48371107972067
"6095","Cal",567,1.48390011793183
"6096","Cal",568,1.48415184786252
"6097","Cal",569,1.48446851873892
"6098","Cal",570,1.48485229417772
"6099","Cal",571,1.48530524839065
"6100","Cal",572,1.48582936232375
"6101","Cal",573,1.48642651972914
"6102","Cal",574,1.48709850316762
"6103","Cal",575,1.48784698994007
"6104","Cal",576,1.48867354794599
"6105","Cal",577,1.48957963146765
"6106","Cal",578,1.49056657687806
"6107","Cal",579,1.49163559827165
"6108","Cal",580,1.49278778301612
"6109","Cal",581,1.49402408722442
"6110","Cal",582,1.49534533114579
"6111","Cal",583,1.4967521944748
"6112","Cal",584,1.49824521157782
"6113","Cal",585,1.499824766636
"6114","Cal",586,1.50149108870449
"6115","Cal",587,1.50324424668735
"6116","Cal",588,1.50508414422798
"6117","Cal",589,1.50701051451508
"6118","Cal",590,1.5090229150041
"6119","Cal",591,1.51112072205455
"6120","Cal",592,1.5133031254836
"6121","Cal",593,1.51556912303648
"6122","Cal",594,1.5179175147746
"6123","Cal",595,1.52034689738229
"6124","Cal",596,1.52285565839336
"6125","Cal",597,1.52544197033881
"6126","Cal",598,1.52810378481734
"6127","Cal",599,1.53083882649043
"6128","Cal",600,1.53364458700382
"6129","Cal",601,1.53651831883795
"6130","Cal",602,1.53945703047873
"6131","Cal",603,1.54245748707946
"6132","Cal",604,1.54551621939528
"6133","Cal",605,1.54862953821475
"6134","Cal",606,1.55179355012402
"6135","Cal",607,1.55500417321797
"6136","Cal",608,1.558257152762
"6137","Cal",609,1.56154807680843
"6138","Cal",610,1.56487239177187
"6139","Cal",611,1.56822541796751
"6140","Cal",612,1.571602365117
"6141","Cal",613,1.5749983478265
"6142","Cal",614,1.57840840104127
"6143","Cal",615,1.58182749548194
"6144","Cal",616,1.58525055306699
"6145","Cal",617,1.58867246232652
"6146","Cal",618,1.59208809381205
"6147","Cal",619,1.59549231550762
"6148","Cal",620,1.59888000723661
"6149","Cal",621,1.60224607103888
"6150","Cal",622,1.60558543550249
"6151","Cal",623,1.60889305607561
"6152","Cal",624,1.61216391439423
"6153","Cal",625,1.61539301764068
"6154","Cal",626,1.61857539793809
"6155","Cal",627,1.62170611178542
"6156","Cal",628,1.62478023953809
"6157","Cal",629,1.62779288493884
"6158","Cal",630,1.63073917470383
"6159","Cal",631,1.63361425816858
"6160","Cal",632,1.63641330699852
"6161","Cal",633,1.639131514969
"6162","Cal",634,1.64176409781931
"6163","Cal",635,1.64430629318551
"6164","Cal",636,1.64675336061661
"6165","Cal",637,1.64910058167892
"6166","Cal",638,1.65134326297187
"6167","Cal",639,1.6534767505168
"6168","Cal",640,1.65549646116091
"6169","Cal",641,1.65739792536319
"6170","Cal",642,1.65917683291009
"6171","Cal",643,1.66082907874627
"6172","Cal",644,1.66235080892473
"6173","Cal",645,1.6637384666802
"6174","Cal",646,1.6649888386296
"6175","Cal",647,1.6660991011029
"6176","Cal",648,1.66706686660767
"6177","Cal",649,1.66789023042985
"6178","Cal",650,1.66856781737316
"6179","Cal",651,1.669098828639
"6180","Cal",652,1.66948308884808
"6181","Cal",653,1.66972108787052
"6182","Cal",654,1.66981400146268
"6183","Cal",655,1.66976368004195
"6184","Cal",656,1.66957261626667
"6185","Cal",657,1.66924390742122
"6186","Cal",658,1.66878121793792
"6187","Cal",659,1.6681887420529
"6188","Cal",660,1.66747116659212
"6189","Cal",661,1.66663363388373
"6190","Cal",662,1.66568170479205
"6191","Cal",663,1.66462132186823
"6192","Cal",664,1.66345877261221
"6193","Cal",665,1.66220065284022
"6194","Cal",666,1.66085383015161
"6195","Cal",667,1.65942540693923
"6196","Cal",668,1.65792268128808
"6197","Cal",669,1.65635310465644
"6198","Cal",670,1.65472423743117
"6199","Cal",671,1.65304370399878
"6200","Cal",672,1.65131914787408
"6201","Cal",673,1.64955818687926
"6202","Cal",674,1.64776836836585
"6203","Cal",675,1.64595712447219
"6204","Cal",676,1.64413172740907
"6205","Cal",677,1.64229924476633
"6206","Cal",678,1.64046649483334
"6207","Cal",679,1.63864000192655
"6208","Cal",680,1.63682595171737
"6209","Cal",681,1.63503014655417
"6210","Cal",682,1.63325796632063
"6211","Cal",683,1.63151435146964
"6212","Cal",684,1.62980381932409
"6213","Cal",685,1.62813050254326
"6214","Cal",686,1.62649819310536
"6215","Cal",687,1.62491038625399
"6216","Cal",688,1.62337032440483
"6217","Cal",689,1.62188104100904
"6218","Cal",690,1.62044540437028
"6219","Cal",691,1.61906616141228
"6220","Cal",692,1.61774598139426
"6221","Cal",693,1.61648749957138
"6222","Cal",694,1.61529336079768
"6223","Cal",695,1.61416626306892
"6224","Cal",696,1.6131090010026
"6225","Cal",697,1.61212450925279
"6226","Cal",698,1.61121590096746
"6227","Cal",699,1.6103864866184
"6228","Cal",700,1.60963976342206
"6229","Cal",701,1.60897938512653
"6230","Cal",702,1.60840912682878
"6231","Cal",703,1.60793284970758
"6232","Cal",704,1.60755446566872
"6233","Cal",705,1.60727790189851
"6234","Cal",706,1.6071070653219
"6235","Cal",707,1.60704580696148
"6236","Cal",708,1.60709788619335
"6237","Cal",709,1.60726693489642
"6238","Cal",710,1.60755642149116
"6239","Cal",711,1.60796961486461
"6240","Cal",712,1.60850954817803
"6241","Cal",713,1.60917898255415
"6242","Cal",714,1.6099803706411
"6243","Cal",715,1.61091582349226
"6244","Cal",716,1.61198709108578
"6245","Cal",717,1.61319556336583
"6246","Cal",718,1.61454228491967
"6247","Cal",719,1.61602797296327
"6248","Cal",720,1.61765303519238
"6249","Cal",721,1.6194175874983
"6250","Cal",722,1.62132147154802
"6251","Cal",723,1.62336427222856
"6252","Cal",724,1.62554533495566
"6253","Cal",725,1.62786378284727
"6254","Cal",726,1.63031853376234
"6255","Cal",727,1.63290831720593
"6256","Cal",728,1.63563169110153
"6257","Cal",729,1.63848705843193
"6258","Cal",730,1.64147268374997
"6259","Cal",731,1.64458670956072
"6260","Cal",732,1.6478271725769
"6261","Cal",733,1.65119201818194
"6262","Cal",734,1.65467910810163
"6263","Cal",735,1.65828621795177
"6264","Cal",736,1.66201102799842
"6265","Cal",737,1.66585111213404
"6266","Cal",738,1.66980392673908
"6267","Cal",739,1.6738667994312
"6268","Cal",740,1.6780369177048
"6269","Cal",741,1.68231131746333
"6270","Cal",742,1.68668687144718
"6271","Cal",743,1.69116027756005
"6272","Cal",744,1.69572804709682
"6273","Cal",745,1.70038649287616
"6274","Cal",746,1.70513171728132
"6275","Cal",747,1.70995960021263
"6276","Cal",748,1.71486578695558
"6277","Cal",749,1.71984567596844
"6278","Cal",750,1.72489441285211
"6279","Cal",751,1.73000690928192
"6280","Cal",752,1.73517789942279
"6281","Cal",753,1.74040202131595
"6282","Cal",754,1.74567390446721
"6283","Cal",755,1.75098825738331
"6284","Cal",756,1.75633995506182
"6285","Cal",757,1.76172412643949
"6286","Cal",758,1.76713623360909
"6287","Cal",759,1.77257211822421
"6288","Cal",760,1.77802799870627
"6289","Cal",761,1.78350043464807
"6290","Cal",762,1.78898628300247
"6291","Cal",763,1.79448265425498
"6292","Cal",764,1.79998686858298
"6293","Cal",765,1.80549641200475
"6294","Cal",766,1.8110088949986
"6295","Cal",767,1.81652202102881
"6296","Cal",768,1.82203356993649
"6297","Cal",769,1.8275413912417
"6298","Cal",770,1.83304339992512
"6299","Cal",771,1.83853757221323
"6300","Cal",772,1.8440219413692
"6301","Cal",773,1.84949458868865
"6302","Cal",774,1.85495361529387
"6303","Cal",775,1.86039708512314
"6304","Cal",776,1.86582294872232
"6305","Cal",777,1.8712289622489
"6306","Cal",778,1.87661260649329
"6307","Cal",779,1.88197100591967
"6308","Cal",780,1.88730085835339
"6309","Cal",781,1.89259840719185
"6310","Cal",782,1.89785947739156
"6311","Cal",783,1.90307955398538
"6312","Cal",784,1.90825387126029
"6313","Cal",785,1.91337750197515
"6314","Cal",786,1.91844544662313
"6315","Cal",787,1.92345272274363
"6316","Cal",788,1.92839445156439
"6317","Cal",789,1.93326593380694
"6318","Cal",790,1.9380627092121
"6319","Cal",791,1.94278060523793
"6320","Cal",792,1.94741578310651
"6321","Cal",793,1.95196478392727
"6322","Cal",794,1.95642457490084
"6323","Cal",795,1.96079259560662
"6324","Cal",796,1.96506680012149
"6325","Cal",797,1.96924568220533
"6326","Cal",798,1.97332827504413
"6327","Cal",799,1.97731413406345
"6328","Cal",800,1.9812033155798
"6329","Cal",801,1.98499635554607
"6330","Cal",802,1.98869424839092
"6331","Cal",803,1.99229842595161
"6332","Cal",804,1.99581073649938
"6333","Cal",805,1.99923342189523
"6334","Cal",806,2.00256908699254
"6335","Cal",807,2.00582065736296
"6336","Cal",808,2.0089913292644
"6337","Cal",809,2.01208451773017
"6338","Cal",810,2.0151038047369
"6339","Cal",811,2.0180528874478
"6340","Cal",812,2.02093552652791
"6341","Cal",813,2.02375549452776
"6342","Cal",814,2.02651652433172
"6343","Cal",815,2.02922225990202
"6344","Cal",816,2.03187621601864
"6345","Cal",817,2.03448175148056
"6346","Cal",818,2.03704205129593
"6347","Cal",819,2.03956011115412
"6348","Cal",820,2.04203872194185
"6349","Cal",821,2.04448045430064
"6350","Cal",822,2.04688764322284
"6351","Cal",823,2.04926237268361
"6352","Cal",824,2.05160646182268
"6353","Cal",825,2.05392145722141
"6354","Cal",826,2.05620863430528
"6355","Cal",827,2.05846900483846
"6356","Cal",828,2.06070332596152
"6357","Cal",829,2.06291210925536
"6358","Cal",830,2.06509562983066
"6359","Cal",831,2.06725393544239
"6360","Cal",832,2.0693868556289
"6361","Cal",833,2.07149401087583
"6362","Cal",834,2.07357482180479
"6363","Cal",835,2.07562851838727
"6364","Cal",836,2.07765414918424
"6365","Cal",837,2.0796505906124
"6366","Cal",838,2.08161655623773
"6367","Cal",839,2.0835506060976
"6368","Cal",840,2.08545115631368
"6369","Cal",841,2.08731648977991
"6370","Cal",842,2.08914476844915
"6371","Cal",843,2.09093404669808
"6372","Cal",844,2.09268228498934
"6373","Cal",845,2.0943873635716
"6374","Cal",846,2.09604709621981
"6375","Cal",847,2.09765924401737
"6376","Cal",848,2.09922152954533
"6377","Cal",849,2.10073165256852
"6378","Cal",850,2.10218730794635
"6379","Cal",851,2.10358620504508
"6380","Cal",852,2.10492608756579
"6381","Cal",853,2.10620475342773
"6382","Cal",854,2.10742007470904
"6383","Cal",855,2.10857001764713
"6384","Cal",856,2.10965266270079
"6385","Cal",857,2.11066622242793
"6386","Cal",858,2.11160905043733
"6387","Cal",859,2.11247963692006
"6388","Cal",860,2.11327659525828
"6389","Cal",861,2.11399864645631
"6390","Cal",862,2.11464460364351
"6391","Cal",863,2.11521335665006
"6392","Cal",864,2.11570385665683
"6393","Cal",865,2.1161151019288
"6394","Cal",866,2.11644612765801
"6395","Cal",867,2.11669600193361
"6396","Cal",868,2.11686382582339
"6397","Cal",869,2.11694873454268
"6398","Cal",870,2.11694989870316
"6399","Cal",871,2.11686652564251
"6400","Cal",872,2.11669786083557
"6401","Cal",873,2.11644319050693
"6402","Cal",874,2.11610184880278
"6403","Cal",875,2.11567323176073
"6404","Cal",876,2.11515681584023
"6405","Cal",877,2.11455217765705
"6406","Cal",878,2.11385901380322
"6407","Cal",879,2.11307716075291
"6408","Cal",880,2.1122066148545
"6409","Cal",881,2.11124755240898
"6410","Cal",882,2.11020034983467
"6411","Cal",883,2.10906560327592
"6412","Cal",884,2.10784414572868
"6413","Cal",885,2.10653706039794
"6414","Cal",886,2.10514569157069
"6415","Cal",887,2.10367165492993
"6416","Cal",888,2.10211684795071
"6417","Cal",889,2.1004834603766
"6418","Cal",890,2.09877398477464
"6419","Cal",891,2.09699122716682
"6420","Cal",892,2.09513831518485
"6421","Cal",893,2.09321869609379
"6422","Cal",894,2.09123611958027
"6423","Cal",895,2.08919461040305
"6424","Cal",896,2.08709843855422
"6425","Cal",897,2.08495208947776
"6426","Cal",898,2.08276023434117
"6427","Cal",899,2.08052770035595
"6428","Cal",900,2.07825944114236
"6429","Cal",901,2.07596050836341
"6430","Cal",902,2.07363602831239
"6431","Cal",903,2.0712911859085
"6432","Cal",904,2.06893121363597
"6433","Cal",905,2.06656138173286
"6434","Cal",906,2.06418698839444
"6435","Cal",907,2.06181334998625
"6436","Cal",908,2.05944579126158
"6437","Cal",909,2.05708963557819
"6438","Cal",910,2.05475019510912
"6439","Cal",911,2.05243276104238
"6440","Cal",912,2.05014259376442
"6441","Cal",913,2.04788491302206
"6442","Cal",914,2.04566488805801
"6443","Cal",915,2.04348762771462
"6444","Cal",916,2.04135817050108
"6445","Cal",917,2.03928147461892
"6446","Cal",918,2.03726240787114
"6447","Cal",919,2.03530573724051
"6448","Cal",920,2.03341611799261
"6449","Cal",921,2.03159808243872
"6450","Cal",922,2.02985602856353
"6451","Cal",923,2.02819420858318
"6452","Cal",924,2.02661671742934
"6453","Cal",925,2.02512748115521
"6454","Cal",926,2.02373024525934
"6455","Cal",927,2.02242856292367
"6456","Cal",928,2.02122578316191
"6457","Cal",929,2.02012503887495
"6458","Cal",930,2.01912923591406
"6459","Cal",931,2.01824104646077
"6460","Cal",932,2.01746290892871
"6461","Cal",933,2.01679703217677
"6462","Cal",934,2.01624540071918
"6463","Cal",935,2.01580977982626
"6464","Cal",936,2.01549172051397
"6465","Cal",937,2.01529256442055
"6466","Cal",938,2.01521344856866
"6467","Cal",939,2.01525531001184
"6468","Cal",940,2.01541889036398
"6469","Cal",941,2.01570474021111
"6470","Cal",942,2.01611322340463
"6471","Cal",943,2.0166445212355
"6472","Cal",944,2.01729863648902
"6473","Cal",945,2.01807539738003
"6474","Cal",946,2.01897446136849
"6475","Cal",947,2.01999531885573
"6476","Cal",948,2.02113729676147
"6477","Cal",949,2.02239956198234
"6478","Cal",950,2.02378112473246
"6479","Cal",951,2.0252808417668
"6480","Cal",952,2.02689741948849
"6481","Cal",953,2.02862941721816
"6482","Cal",954,2.03047525145831
"6483","Cal",955,2.03243320170845
"6484","Cal",956,2.03450141727814
"6485","Cal",957,2.03667792426806
"6486","Cal",958,2.03896063244366
"6487","Cal",959,2.04134734200341
"6488","Cal",960,2.04383575024355
"6489","Cal",961,2.04642345812159
"6490","Cal",962,2.04910797672074
"6491","Cal",963,2.05188673361766
"6492","Cal",964,2.05475707915589
"6493","Cal",965,2.05771629076832
"6494","Cal",966,2.06076156977387
"6495","Cal",967,2.06389002693264
"6496","Cal",968,2.06709866048065
"6497","Cal",969,2.07038433222445
"6498","Cal",970,2.07374374355758
"6499","Cal",971,2.07717341140213
"6500","Cal",972,2.08066964407854
"6501","Cal",973,2.08422851710696
"6502","Cal",974,2.08784584894396
"6503","Cal",975,2.09151717665822
"6504","Cal",976,2.0952377354508
"6505","Cal",977,2.09900245372783
"6506","Cal",978,2.10280597153304
"6507","Cal",979,2.1066426745424
"6508","Cal",980,2.11050673192236
"6509","Cal",981,2.11439213415585
"6510","Cal",982,2.11829273084168
"6511","Cal",983,2.12220226847328
"6512","Cal",984,2.12611442820263
"6513","Cal",985,2.13002286359551
"6514","Cal",986,2.13392123838425
"6515","Cal",987,2.13780326422405
"6516","Cal",988,2.14166273905021
"6517","Cal",989,2.14549358781561
"6518","Cal",990,2.14928990679659
"6519","Cal",991,2.15304601029102
"6520","Cal",992,2.15675647794106
"6521","Cal",993,2.16041620209485
"6522","Cal",994,2.16402043521266
"6523","Cal",995,2.16756483732217
"6524","Cal",996,2.17104552352774
"6525","Cal",997,2.1744591115777
"6526","Cal",998,2.17780276949348
"6527","Cal",999,2.18107426326384
"6528","Cal",1000,2.18427200460705
"6529","Cal",1001,2.18739509082203
"6530","Cal",1002,2.19044331278784
"6531","Cal",1003,2.19341711515026
"6532","Cal",1004,2.19631752465776
"6533","Cal",1005,2.19914607058872
"6534","Cal",1006,2.20190470525001
"6535","Cal",1007,2.20459572454532
"6536","Cal",1008,2.20722168861151
"6537","Cal",1009,2.20978534252067
"6538","Cal",1010,2.21228953704551
"6539","Cal",1011,2.21473714948537
"6540","Cal",1012,2.21713100455022
"6541","Cal",1013,2.21947379529974
"6542","Cal",1014,2.22176800859364
"6543","Cal",1015,2.22401586842659
"6544","Cal",1016,2.22621930606281
"6545","Cal",1017,2.22837994805084
"6546","Cal",1018,2.23049910874041
"6547","Cal",1019,2.23257778284114
"6548","Cal",1020,2.23461663802191
"6549","Cal",1021,2.2366160075497
"6550","Cal",1022,2.23857588296752
"6551","Cal",1023,2.24049590681089
"6552","Cal",1024,2.24237536536305
"6553","Cal",1025,2.24421318144912
"6554","Cal",1026,2.24600790726997
"6555","Cal",1027,2.24775772492896
"6556","Cal",1028,2.24946047760921
"6557","Cal",1029,2.25111374670725
"6558","Cal",1030,2.25271495962116
"6559","Cal",1031,2.2542615052389
"6560","Cal",1032,2.25575084947755
"6561","Cal",1033,2.25718065087571
"6562","Cal",1034,2.25854887624149
"6563","Cal",1035,2.25985391635853
"6564","Cal",1036,2.26109470175159
"6565","Cal",1037,2.26227081851366
"6566","Cal",1038,2.26338262419524
"6567","Cal",1039,2.26443136375627
"6568","Cal",1040,2.26541927042216
"6569","Cal",1041,2.26634960596831
"6570","Cal",1042,2.26722661011445
"6571","Cal",1043,2.26805538934216
"6572","Cal",1044,2.26884179060575
"6573","Cal",1045,2.26959227508975
"6574","Cal",1046,2.27031379200747
"6575","Cal",1047,2.27101365243421
"6576","Cal",1048,2.27169940316862
"6577","Cal",1049,2.27237870061501
"6578","Cal",1050,2.27305918467932
"6579","Cal",1051,2.27374835267146
"6580","Cal",1052,2.27445344044399
"6581","Cal",1053,2.27518133247261
"6582","Cal",1054,2.2759385153463
"6583","Cal",1055,2.27673106018555
"6584","Cal",1056,2.27756461226974
"6585","Cal",1057,2.27844438063024
"6586","Cal",1058,2.27937512760385
"6587","Cal",1059,2.28036115834131
"6588","Cal",1060,2.28140631026645
"6589","Cal",1061,2.28251394248166
"6590","Cal",1062,2.28368692511599
"6591","Cal",1063,2.2849276286126
"6592","Cal",1064,2.28623791295281
"6593","Cal",1065,2.28761911681433
"6594","Cal",1066,2.28907204666206
"6595","Cal",1067,2.29059696757274
"6596","Cal",1068,2.29219360120128
"6597","Cal",1069,2.29386113449398
"6598","Cal",1070,2.29559823554347
"6599","Cal",1071,2.29740307117744
"6600","Cal",1072,2.29927332448006
"6601","Cal",1073,2.30120621224743
"6602","Cal",1074,2.30319850237961
"6603","Cal",1075,2.30524653121184
"6604","Cal",1076,2.30734622078809
"6605","Cal",1077,2.30949309608043
"6606","Cal",1078,2.31168230215834
"6607","Cal",1079,2.31390862131218
"6608","Cal",1080,2.31616649013561
"6609","Cal",1081,2.31845001657199
"6610","Cal",1082,2.32075300040315
"6611","Cal",1083,2.3230689676049
"6612","Cal",1084,2.32539122552126
"6613","Cal",1085,2.3277129319177
"6614","Cal",1086,2.33002716750133
"6615","Cal",1087,2.33232700844159
"6616","Cal",1088,2.33460559889826
"6617","Cal",1089,2.33685622356344
"6618","Cal",1090,2.33907238022423
"6619","Cal",1091,2.34124785235246
"6620","Cal",1092,2.34337678172793
"6621","Cal",1093,2.3454537411011
"6622","Cal",1094,2.34747380690097
"6623","Cal",1095,2.34943263199324
"6624","Cal",1096,2.35132651849375
"6625","Cal",1097,2.35315248266691
"6626","Cal",1098,2.35490828798982
"6627","Cal",1099,2.35659243043646
"6628","Cal",1100,2.35820409193254
"6629","Cal",1101,2.35974308590567
"6630","Cal",1102,2.36120980290575
"6631","Cal",1103,2.36260515629592
"6632","Cal",1104,2.36393052801372
"6633","Cal",1105,2.36518771440149
"6634","Cal",1106,2.3663788721048
"6635","Cal",1107,2.36750646403716
"6636","Cal",1108,2.3685732054089
"6637","Cal",1109,2.36958200981782
"6638","Cal",1110,2.3705359369426
"6639","Cal",1111,2.37143814646631
"6640","Cal",1112,2.37229186131417
"6641","Cal",1113,2.37310033711544
"6642","Cal",1114,2.37386683325602
"6643","Cal",1115,2.37459458397515
"6644","Cal",1116,2.37528676950302
"6645","Cal",1117,2.37594648723615
"6646","Cal",1118,2.37657672294745
"6647","Cal",1119,2.37718032202802
"6648","Cal",1120,2.3777599607577
"6649","Cal",1121,2.37831811760167
"6650","Cal",1122,2.37885704453051
"6651","Cal",1123,2.37937873836131
"6652","Cal",1124,2.37988491211756
"6653","Cal",1125,2.38037696640611
"6654","Cal",1126,2.38085596080926
"6655","Cal",1127,2.3813225852909
"6656","Cal",1128,2.38177713640544
"6657","Cal",1129,2.38221951267895
"6658","Cal",1130,2.38264923874216
"6659","Cal",1131,2.38306550863533
"6660","Cal",1132,2.38346723391572
"6661","Cal",1133,2.38385309177819
"6662","Cal",1134,2.38422157319018
"6663","Cal",1135,2.38457103104216
"6664","Cal",1136,2.38489972831514
"6665","Cal",1137,2.38520588626672
"6666","Cal",1138,2.38548773263745
"6667","Cal",1139,2.38574354987906
"6668","Cal",1140,2.38597172340643
"6669","Cal",1141,2.38617078987483
"6670","Cal",1142,2.38633948548405
"6671","Cal",1143,2.38647679431077
"6672","Cal",1144,2.38658199667043
"6673","Cal",1145,2.38665471750949
"6674","Cal",1146,2.38669497482887
"6675","Cal",1147,2.38670322813883
"6676","Cal",1148,2.38668042023279
"6677","Cal",1149,2.38662799214233
"6678","Cal",1150,2.38654785784764
"6679","Cal",1151,2.3864423521667
"6680","Cal",1152,2.38631417195888
"6681","Cal",1153,2.38616631735313
"6682","Cal",1154,2.38600203299798
"6683","Cal",1155,2.38582474933072
"6684","Cal",1156,2.38563802386248
"6685","Cal",1157,2.38544548247582
"6686","Cal",1158,2.3852507607316
"6687","Cal",1159,2.38505744518148
"6688","Cal",1160,2.38486901468252
"6689","Cal",1161,2.3846887817105
"6690","Cal",1162,2.38451983366859
"6691","Cal",1163,2.38436497418809
"6692","Cal",1164,2.38422666441833
"6693","Cal",1165,2.38410696430301
"6694","Cal",1166,2.38400747979176
"6695","Cal",1167,2.3839293338381
"6696","Cal",1168,2.38387317308476
"6697","Cal",1169,2.38383919833269
"6698","Cal",1170,2.38382720094015
"6699","Cal",1171,2.38383659920021
"6700","Cal",1172,2.38386647469717
"6701","Cal",1173,2.38391560864218
"6702","Cal",1174,2.38398251818913
"6703","Cal",1175,2.38406549273184
"6704","Cal",1176,2.38416263018411
"6705","Cal",1177,2.38427187324415
"6706","Cal",1178,2.3843910456453
"6707","Cal",1179,2.38451788839503
"6708","Cal",1180,2.38465009600432
"6709","Cal",1181,2.38478535063889
"6710","Cal",1182,2.38492134798285
"6711","Cal",1183,2.38505581067562
"6712","Cal",1184,2.38518649346567
"6713","Cal",1185,2.38531118629511
"6714","Cal",1186,2.38542771738797
"6715","Cal",1187,2.38553395634427
"6716","Cal",1188,2.38562781724205
"6717","Cal",1189,2.3857072617494
"6718","Cal",1190,2.38577030224848
"6719","Cal",1191,2.38581500497367
"6720","Cal",1192,2.38583949316557
"6721","Cal",1193,2.3858419502429
"6722","Cal",1194,2.38582062299402
"6723","Cal",1195,2.38577382478998
"6724","Cal",1196,2.38569993882307
"6725","Cal",1197,2.38559742138024
"6726","Cal",1198,2.38546480515767
"6727","Cal",1199,2.38530070261325
"6728","Cal",1200,2.38510380935079
"6729","Cal",1201,2.38487290753488
"6730","Cal",1202,2.38460686933764
"6731","Cal",1203,2.38430466041862
"6732","Cal",1204,2.38396534343882
"6733","Cal",1205,2.38358808160997
"6734","Cal",1206,2.38317214227985
"6735","Cal",1207,2.38271690055464
"6736","Cal",1208,2.38222184295877
"6737","Cal",1209,2.38168657113315
"6738","Cal",1210,2.38111080557201
"6739","Cal",1211,2.38049438939898
"6740","Cal",1212,2.37983729218251
"6741","Cal",1213,2.37913961379081
"6742","Cal",1214,2.37840158828646
"6743","Cal",1215,2.37762358786039
"6744","Cal",1216,2.37680612680521
"6745","Cal",1217,2.37594986422165
"6746","Cal",1218,2.37505560154066
"6747","Cal",1219,2.37412427224911
"6748","Cal",1220,2.37315692642975
"6749","Cal",1221,2.37215471403144
"6750","Cal",1222,2.37111886817451
"6751","Cal",1223,2.37005068849003
"6752","Cal",1224,2.3689515244918
"6753","Cal",1225,2.36782275897986
"6754","Cal",1226,2.36666579147415
"6755","Cal",1227,2.365482021677
"6756","Cal",1228,2.36427283296312
"6757","Cal",1229,2.3630395758957
"6758","Cal",1230,2.3617835517673
"6759","Cal",1231,2.36050599616424
"6760","Cal",1232,2.35920806255314
"6761","Cal",1233,2.35789080588857
"6762","Cal",1234,2.35655516624051
"6763","Cal",1235,2.35520195244078
"6764","Cal",1236,2.3538318257474
"6765","Cal",1237,2.35244528573722
"6766","Cal",1238,2.35104266505951
"6767","Cal",1239,2.34962413747204
"6768","Cal",1240,2.34818973473733
"6769","Cal",1241,2.34673936574552
"6770","Cal",1242,2.34527283565274
"6771","Cal",1243,2.34378986503515
"6772","Cal",1244,2.34229010905871
"6773","Cal",1245,2.34077317666504
"6774","Cal",1246,2.33923864977365
"6775","Cal",1247,2.33768610250089
"6776","Cal",1248,2.33611512039611
"6777","Cal",1249,2.3345253196953
"6778","Cal",1250,2.33291636659276
"6779","Cal",1251,2.33128799653097
"6780","Cal",1252,2.32964003350924
"6781","Cal",1253,2.3279724094111
"6782","Cal",1254,2.32628518335077
"6783","Cal",1255,2.3245785610388
"6784","Cal",1256,2.32285291107492
"6785","Cal",1257,2.32110876889306
"6786","Cal",1258,2.31934682217458
"6787","Cal",1259,2.31756788391279
"6788","Cal",1260,2.31577286240293
"6789","Cal",1261,2.31396273124879
"6790","Cal",1262,2.31213849938488
"6791","Cal",1263,2.31030118111336
"6792","Cal",1264,2.30845176615467
"6793","Cal",1265,2.30659118971095
"6794","Cal",1266,2.30472030254125
"6795","Cal",1267,2.30283984104768
"6796","Cal",1268,2.30095039737165
"6797","Cal",1269,2.29905238949953
"6798","Cal",1270,2.29714603137708
"6799","Cal",1271,2.29523130303244
"6800","Cal",1272,2.29330792070725
"6801","Cal",1273,2.29137530699614
"6802","Cal",1274,2.28943256099474
"6803","Cal",1275,2.28747842845691
"6804","Cal",1276,2.28551127673849
"6805","Cal",1277,2.28352908885874
"6806","Cal",1278,2.281529486234
"6807","Cal",1279,2.27950977053259
"6808","Cal",1280,2.27746697032327
"6809","Cal",1281,2.27539788774357
"6810","Cal",1282,2.27329914519065
"6811","Cal",1283,2.27116723203783
"6812","Cal",1284,2.26899855138017
"6813","Cal",1285,2.26678946681238
"6814","Cal",1286,2.2645363492425
"6815","Cal",1287,2.26223562374507
"6816","Cal",1288,2.25988381645711
"6817","Cal",1289,2.25747760152045
"6818","Cal",1290,2.25501384807374
"6819","Cal",1291,2.25248966729744
"6820","Cal",1292,2.24990245951471
"6821","Cal",1293,2.24724996135105
"6822","Cal",1294,2.2445302929552
"6823","Cal",1295,2.24174200167104
"6824","Cal",1296,2.2388840913251
"6825","Cal",1297,2.23595602990619
"6826","Cal",1298,2.23295774286299
"6827","Cal",1299,2.22988960285733
"6828","Cal",1300,2.22675241958576
"6829","Cal",1301,2.22354742966889
"6830","Cal",1302,2.22027628660783
"6831","Cal",1303,2.21694105080647
"6832","Cal",1304,2.2135441796581
"6833","Cal",1305,2.21008851769422
"6834","Cal",1306,2.20657728679321
"6835","Cal",1307,2.20301407644616
"6836","Cal",1308,2.19940283407663
"6837","Cal",1309,2.19574785541088
"6838","Cal",1310,2.19205377489478
"6839","Cal",1311,2.18832555615311
"6840","Cal",1312,2.18456848248681
"6841","Cal",1313,2.18078814564777
"6842","Cal",1314,2.17699042761894
"6843","Cal",1315,2.17318147188311
"6844","Cal",1316,2.16936764768599
"6845","Cal",1317,2.16555551255448
"6846","Cal",1318,2.1617517748195
"6847","Cal",1319,2.15796325613723
"6848","Cal",1320,2.15419685400202
"6849","Cal",1321,2.1504595042445
"6850","Cal",1322,2.14675814350803
"6851","Cal",1323,2.14309967169697
"6852","Cal",1324,2.13949091438975
"6853","Cal",1325,2.13593858521032
"6854","Cal",1326,2.13244924815114
"6855","Cal",1327,2.12902927984124
"6856","Cal",1328,2.12568483175306
"6857","Cal",1329,2.12242179234177
"6858","Cal",1330,2.11924574911109
"6859","Cal",1331,2.11616195060004
"6860","Cal",1332,2.11317527136595
"6861","Cal",1333,2.11029018920204
"6862","Cal",1334,2.10751078074655
"6863","Cal",1335,2.10484072931728
"6864","Cal",1336,2.10228333572431
"6865","Cal",1337,2.09984152897632
"6866","Cal",1338,2.09751787687745
"6867","Cal",1339,2.09531459651154
"6868","Cal",1340,2.09323356461151
"6869","Cal",1341,2.0912763278116
"6870","Cal",1342,2.08944411278064
"6871","Cal",1343,2.08773783623485
"6872","Cal",1344,2.08615811482894
"6873","Cal",1345,2.08470527492472
"6874","Cal",1346,2.08337936223644
"6875","Cal",1347,2.08218015135269
"6876","Cal",1348,2.08110715513475
"6877","Cal",1349,2.08015963399157
"6878","Cal",1350,2.07933660503195
"6879","Cal",1351,2.07863685109448
"6880","Cal",1352,2.0780589310512
"6881","Cal",1353,2.07760119557027
"6882","Cal",1354,2.07726181112877
"6883","Cal",1355,2.07703878948764
"6884","Cal",1356,2.0769300184461
"6885","Cal",1357,2.07693329248282
"6886","Cal",1358,2.07704634328572
"6887","Cal",1359,2.07726687017273
"6888","Cal",1360,2.07759257040546
"6889","Cal",1361,2.07802116939829
"6890","Cal",1362,2.07855045082486
"6891","Cal",1363,2.07917828662431
"6892","Cal",1364,2.07990266690937
"6893","Cal",1365,2.08072172977836
"6894","Cal",1366,2.08163379103301
"6895","Cal",1367,2.08263737380398
"6896","Cal",1368,2.08373123808565
"6897","Cal",1369,2.08491441018157
"6898","Cal",1370,2.08618621206189
"6899","Cal",1371,2.08754629063357
"6900","Cal",1372,2.08899464222883
"6901","Cal",1373,2.09053161822678
"6902","Cal",1374,2.09215790241755
"6903","Cal",1375,2.09387446949926
"6904","Cal",1376,2.09568253879251
"6905","Cal",1377,2.09758352786689
"6906","Cal",1378,2.09957900607818
"6907","Cal",1379,2.10167064801489
"6908","Cal",1380,2.10386018685279
"6909","Cal",1381,2.10614936761561
"6910","Cal",1382,2.10853990034035
"6911","Cal",1383,2.1110334131456
"6912","Cal",1384,2.11363140520105
"6913","Cal",1385,2.11633519959672
"6914","Cal",1386,2.11914589611058
"6915","Cal",1387,2.12206432387301
"6916","Cal",1388,2.12509099392738
"6917","Cal",1389,2.12822605168575
"6918","Cal",1390,2.13146922927922
"6919","Cal",1391,2.13481979780301
"6920","Cal",1392,2.13827652535928
"6921","Cal",1393,2.141837658608
"6922","Cal",1394,2.14550093963287
"6923","Cal",1395,2.14926364631804
"6924","Cal",1396,2.1531226385286
"6925","Cal",1397,2.15707440419437
"6926","Cal",1398,2.16111510530008
"6927","Cal",1399,2.16524062378525
"6928","Cal",1400,2.16944660735762
"6929","Cal",1401,2.17372851522402
"6930","Cal",1402,2.17808166374288
"6931","Cal",1403,2.18250127200287
"6932","Cal",1404,2.18698250733222
"6933","Cal",1405,2.19152053074319
"6934","Cal",1406,2.19611054231658
"6935","Cal",1407,2.20074782653086
"6936","Cal",1408,2.20542779754062
"6937","Cal",1409,2.21014604440883
"6938","Cal",1410,2.21489837257392
"6939","Cal",1411,2.21968083038494
"6940","Cal",1412,2.22448971326193
"6941","Cal",1413,2.22932155293224
"6942","Cal",1414,2.23417310291752
"6943","Cal",1415,2.23904132399819
"6944","Cal",1416,2.24392336965856
"6945","Cal",1417,2.24881657151569
"6946","Cal",1418,2.25371842473461
"6947","Cal",1419,2.25862657343269
"6948","Cal",1420,2.26353879607538
"6949","Cal",1421,2.26845299086586
"6950","Cal",1422,2.27336716113062
"6951","Cal",1423,2.27827940070304
"6952","Cal",1424,2.28318787930702
"6953","Cal",1425,2.28809082794237
"6954","Cal",1426,2.29298652427389
"6955","Cal",1427,2.29787327802583
"6956","Cal",1428,2.30274941638333
"6957","Cal",1429,2.30761326940264
"6958","Cal",1430,2.31246315699887
"6959","Cal",1431,2.3172973822147
"6960","Cal",1432,2.32211423390609
"6961","Cal",1433,2.32691199571227
"6962","Cal",1434,2.33168895660981
"6963","Cal",1435,2.3364434214854
"6964","Cal",1436,2.34117372172877
"6965","Cal",1437,2.34587822584763
"6966","Cal",1438,2.35055535010605
"6967","Cal",1439,2.355203569188
"6968","Cal",1440,2.35982142688755
"6969","Cal",1441,2.36440754682714
"6970","Cal",1442,2.36896064320547
"6971","Cal",1443,2.37347953157626
"6972","Cal",1444,2.37796313965903
"6973","Cal",1445,2.38241051818336
"6974","Cal",1446,2.38682085176727
"6975","Cal",1447,2.39119346983095
"6976","Cal",1448,2.39552785754649
"6977","Cal",1449,2.39982366682428
"6978","Cal",1450,2.40408072733658
"6979","Cal",1451,2.4082990575786
"6980","Cal",1452,2.41247887421551
"6981","Cal",1453,2.41662059446023
"6982","Cal",1454,2.42072482797831
"6983","Cal",1455,2.42479236182292
"6984","Cal",1456,2.42882414365459
"6985","Cal",1457,2.43282126499665
"6986","Cal",1458,2.43678494452538
"6987","Cal",1459,2.44071651139392
"6988","Cal",1460,2.44461738858871
"6989","Cal",1461,2.44848907631713
"6990","Cal",1462,2.45233313542506
"6991","Cal",1463,2.45615117084283
"6992","Cal",1464,2.45994481505806
"6993","Cal",1465,2.46371571161389
"6994","Cal",1466,2.46746549863087
"6995","Cal",1467,2.47119579235118
"6996","Cal",1468,2.47490817070323
"6997","Cal",1469,2.47860415688549
"6998","Cal",1470,2.48228520296758
"6999","Cal",1471,2.48595267350758
"7000","Cal",1472,2.48960782918378
"7001","Cal",1473,2.49325181169046
"7002","Cal",1474,2.49688563364849
"7003","Cal",1475,2.50051017603092
"7004","Cal",1476,2.50412619060131
"7005","Cal",1477,2.50773430361184
"7006","Cal",1478,2.51133501950982
"7007","Cal",1479,2.5149287246519
"7008","Cal",1480,2.51851569102557
"7009","Cal",1481,2.5220960799776
"7010","Cal",1482,2.52566994594901
"7011","Cal",1483,2.52923724021657
"7012","Cal",1484,2.53279781464067
"7013","Cal",1485,2.53635142541965
"7014","Cal",1486,2.53989773685077
"7015","Cal",1487,2.54343632509789
"7016","Cal",1488,2.54696668196646
"7017","Cal",1489,2.55048821868597
"7018","Cal",1490,2.55400026970049
"7019","Cal",1491,2.55750209646782
"7020","Cal",1492,2.560992891268
"7021","Cal",1493,2.56447177995942
"7022","Cal",1494,2.56793782049663
"7023","Cal",1495,2.57138999508606
"7024","Cal",1496,2.5748271981051
"7025","Cal",1497,2.57824822297249
"7026","Cal",1498,2.58165174903337
"7027","Cal",1499,2.58503632846007
"7028","Cal",1500,2.58840037317009
"7029","Cal",1501,2.59174214176255
"7030","Cal",1502,2.5950597264748
"7031","Cal",1503,2.59835104016073
"7032","Cal",1504,2.60161380329278
"7033","Cal",1505,2.60484553098966
"7034","Cal",1506,2.60804352007192
"7035","Cal",1507,2.61120483614798
"7036","Cal",1508,2.61432630073301
"7037","Cal",1509,2.61740447840378
"7038","Cal",1510,2.62043566399241
"7039","Cal",1511,2.62341586982244
"7040","Cal",1512,2.62634081299085
"7041","Cal",1513,2.62920590736549
"7042","Cal",1514,2.63200627429927
"7043","Cal",1515,2.63473678139672
"7044","Cal",1516,2.6373921000064
"7045","Cal",1517,2.63996676744718
"7046","Cal",1518,2.64245524930781
"7047","Cal",1519,2.64485200182514
"7048","Cal",1520,2.64715153434634
"7049","Cal",1521,2.64934847188039
"7050","Cal",1522,2.65143761774437
"7051","Cal",1523,2.65341401630954
"7052","Cal",1524,2.65527301585237
"7053","Cal",1525,2.65701033151528
"7054","Cal",1526,2.6586221083816
"7055","Cal",1527,2.6601049846689
"7056","Cal",1528,2.66145615504436
"7057","Cal",1529,2.66267343406554
"7058","Cal",1530,2.66375531974913
"7059","Cal",1531,2.66470105726985
"7060","Cal",1532,2.66551070279093
"7061","Cal",1533,2.6661851798313
"7062","Cal",1534,2.6667263053829
"7063","Cal",1535,2.66713677058606
"7064","Cal",1536,2.66742009115233
"7065","Cal",1537,2.66758055031869
"7066","Cal",1538,2.66762314192524
"7067","Cal",1539,2.66755351361231
"7068","Cal",1540,2.66737791013211
"7069","Cal",1541,2.66710311676933
"7070","Cal",1542,2.66673640286491
"7071","Cal",1543,2.66628546543608
"7072","Cal",1544,2.66575837288585
"7073","Cal",1545,2.66516350879432
"7074","Cal",1546,2.66450951578412
"7075","Cal",1547,2.66380523945166
"7076","Cal",1548,2.66305967235603
"7077","Cal",1549,2.66228189805666
"7078","Cal",1550,2.66148103519136
"7079","Cal",1551,2.66066618158554
"7080","Cal",1552,2.65984635838407
"7081","Cal",1553,2.65903045419675
"7082","Cal",1554,2.6582271715408
"7083","Cal",1555,2.65744498244802
"7084","Cal",1556,2.65669209781231
"7085","Cal",1557,2.6559764458852
"7086","Cal",1558,2.65530565303506
"7087","Cal",1559,2.65468702447008
"7088","Cal",1560,2.65412752491788
"7089","Cal",1561,2.65363375925424
"7090","Cal",1562,2.65321195307459
"7091","Cal",1563,2.65286793320148
"7092","Cal",1564,2.6526071081222
"7093","Cal",1565,2.65243444835081
"7094","Cal",1566,2.6523544667093
"7095","Cal",1567,2.65237119852304
"7096","Cal",1568,2.65248818172621
"7097","Cal",1569,2.65270843687319
"7098","Cal",1570,2.65303444705256
"7099","Cal",1571,2.65346813770064
"7100","Cal",1572,2.65401085631238
"7101","Cal",1573,2.65466335473731
"7102","Cal",1574,2.65542578212867
"7103","Cal",1575,2.65629769392458
"7104","Cal",1576,2.65727807148151
"7105","Cal",1577,2.65836534429114
"7106","Cal",1578,2.65955741209174
"7107","Cal",1579,2.66085166687576
"7108","Cal",1580,2.66224501479542
"7109","Cal",1581,2.66373389796907
"7110","Cal",1582,2.66531431619117
"7111","Cal",1583,2.6669818485494
"7112","Cal",1584,2.6687316749528
"7113","Cal",1585,2.67055859757517
"7114","Cal",1586,2.67245706221855
"7115","Cal",1587,2.67442117960169
"7116","Cal",1588,2.67644474657894
"7117","Cal",1589,2.67852126729542
"7118","Cal",1590,2.68064397428433
"7119","Cal",1591,2.68280584951279
"7120","Cal",1592,2.68499964538286
"7121","Cal",1593,2.68721790569442
"7122","Cal",1594,2.68945298657712
"7123","Cal",1595,2.69169707739858
"7124","Cal",1596,2.69394222165619
"7125","Cal",1597,2.69618033786033
"7126","Cal",1598,2.69840324041653
"7127","Cal",1599,2.70060266051461
"7128","Cal",1600,2.70277026703254
"7129","Cal",1601,2.70489768746342
"7130","Cal",1602,2.70697652887331
"7131","Cal",1603,2.70899839889828
"7132","Cal",1604,2.71095492678883
"7133","Cal",1605,2.71283778450977
"7134","Cal",1606,2.71463870790376
"7135","Cal",1607,2.71634951792665
"7136","Cal",1608,2.7179621419625
"7137","Cal",1609,2.71946863522649
"7138","Cal",1610,2.72086120226336
"7139","Cal",1611,2.72213221854923
"7140","Cal",1612,2.7232742522043
"7141","Cal",1613,2.72428008579637
"7142","Cal",1614,2.72514273815949
"7143","Cal",1615,2.72585548617974
"7144","Cal",1616,2.72641188660992
"7145","Cal",1617,2.72680579800267
"7146","Cal",1618,2.72703140279573
"7147","Cal",1619,2.72708322955541
"7148","Cal",1620,2.72695617538387
"7149","Cal",1621,2.72664552849557
"7150","Cal",1622,2.72614699096782
"7151","Cal",1623,2.72545670167
"7152","Cal",1624,2.72457125937572
"7153","Cal",1625,2.72348774606152
"7154","Cal",1626,2.72220375039554
"7155","Cal",1627,2.72071739141895
"7156","Cal",1628,2.71902734242244
"7157","Cal",1629,2.71713285501967
"7158","Cal",1630,2.71503378341886
"7159","Cal",1631,2.71273060889336
"7160","Cal",1632,2.71022446445118
"7161","Cal",1633,2.70751715970318
"7162","Cal",1634,2.7046112014794
"7163","Cal",1635,2.70150979684407
"7164","Cal",1636,2.69821682960834
"7165","Cal",1637,2.69473681923622
"7166","Cal",1638,2.69107487548756
"7167","Cal",1639,2.68723665324296
"7168","Cal",1640,2.68322830750578
"7169","Cal",1641,2.67905644857562
"7170","Cal",1642,2.67472809738735
"7171","Cal",1643,2.67025064100931
"7172","Cal",1644,2.66563178829376
"7173","Cal",1645,2.66087952567251
"7174","Cal",1646,2.65600207309017
"7175","Cal",1647,2.65100784006727
"7176","Cal",1648,2.64590538188535
"7177","Cal",1649,2.64070335588562
"7178","Cal",1650,2.63541047787323
"7179","Cal",1651,2.63003547861832
"7180","Cal",1652,2.62458706044575
"7181","Cal",1653,2.6190738539048
"7182","Cal",1654,2.61350437451042
"7183","Cal",1655,2.60788697954773
"7184","Cal",1656,2.60222982493138
"7185","Cal",1657,2.59654082543904
"7186","Cal",1658,2.59082762829304
"7187","Cal",1659,2.58509760673713
"7188","Cal",1660,2.57935786694623
"7189","Cal",1661,2.57361525828004
"7190","Cal",1662,2.56787638354625
"7191","Cal",1663,2.56214760926661
"7192","Cal",1664,2.5564350759396
"7193","Cal",1665,2.55074470829324
"7194","Cal",1666,2.54508222552221
"7195","Cal",1667,2.53945315150356
"7196","Cal",1668,2.53386282498523
"7197","Cal",1669,2.52831640974214
"7198","Cal",1670,2.52281890469469
"7199","Cal",1671,2.51737515398438
"7200","Cal",1672,2.51198985700207
"7201","Cal",1673,2.5066675783637
"7202","Cal",1674,2.50141275782933
"7203","Cal",1675,2.49622972016067
"7204","Cal",1676,2.491122684913
"7205","Cal",1677,2.48609577615725
"7206","Cal",1678,2.48115303212795
"7207","Cal",1679,2.47629841479327
"7208","Cal",1680,2.47153581934296
"7209","Cal",1681,2.46686908221465
"7210","Cal",1682,2.4623019835268
"7211","Cal",1683,2.4578382411627
"7212","Cal",1684,2.45348149925391
"7213","Cal",1685,2.44923531518693
"7214","Cal",1686,2.44510314650576
"7215","Cal",1687,2.44108833770677
"7216","Cal",1688,2.43719410692248
"7217","Cal",1689,2.43342353249108
"7218","Cal",1690,2.42977953940852
"7219","Cal",1691,2.42626488566017
"7220","Cal",1692,2.42288214842926
"7221","Cal",1693,2.4196337101793
"7222","Cal",1694,2.41652174460814
"7223","Cal",1695,2.41354820247123
"7224","Cal",1696,2.41071479727197
"7225","Cal",1697,2.40802299081739
"7226","Cal",1698,2.4054739786373
"7227","Cal",1699,2.40306867526565
"7228","Cal",1700,2.4008076993829
"7229","Cal",1701,2.39869136125176
"7230","Cal",1702,2.39671965974593
"7231","Cal",1703,2.39489229383792
"7232","Cal",1704,2.39320868367957
"7233","Cal",1705,2.39166799397533
"7234","Cal",1706,2.39026915721556
"7235","Cal",1707,2.38901089677078
"7236","Cal",1708,2.38789174984768
"7237","Cal",1709,2.38691009030836
"7238","Cal",1710,2.38606415135396
"7239","Cal",1711,2.38535204807455
"7240","Cal",1712,2.38477179986668
"7241","Cal",1713,2.38432135272063
"7242","Cal",1714,2.38399860137928
"7243","Cal",1715,2.38380141137038
"7244","Cal",1716,2.38372764091454
"7245","Cal",1717,2.38377516271079
"7246","Cal",1718,2.38394188560193
"7247","Cal",1719,2.38422577612162
"7248","Cal",1720,2.38462487715222
"7249","Cal",1721,2.38513731537595
"7250","Cal",1722,2.38576129197509
"7251","Cal",1723,2.38649506212922
"7252","Cal",1724,2.38733691163066
"7253","Cal",1725,2.38828513339294
"7254","Cal",1726,2.38933800385388
"7255","Cal",1727,2.39049375927509
"7256","Cal",1728,2.39175057193951
"7257","Cal",1729,2.39310652624868
"7258","Cal",1730,2.39455959472165
"7259","Cal",1731,2.39610761389732
"7260","Cal",1732,2.39774826014214
"7261","Cal",1733,2.39947902536551
"7262","Cal",1734,2.4012971926449
"7263","Cal",1735,2.40319981176328
"7264","Cal",1736,2.40518367466153
"7265","Cal",1737,2.40724529080869
"7266","Cal",1738,2.40938086527706
"7267","Cal",1739,2.4115862878777
"7268","Cal",1740,2.4138571389277
"7269","Cal",1741,2.41618870608549
"7270","Cal",1742,2.41857600390645
"7271","Cal",1743,2.42101379333957
"7272","Cal",1744,2.42349660116981
"7273","Cal",1745,2.4260187394115
"7274","Cal",1746,2.4285743246579
"7275","Cal",1747,2.43115729739254
"7276","Cal",1748,2.4337614412681
"7277","Cal",1749,2.4363804023586
"7278","Cal",1750,2.43900770839112
"7279","Cal",1751,2.44163678796307
"7280","Cal",1752,2.4442609897514
"7281","Cal",1753,2.44687360172013
"7282","Cal",1754,2.44946787033266
"7283","Cal",1755,2.45203701977537
"7284","Cal",1756,2.45457427119912
"7285","Cal",1757,2.45707286198527
"7286","Cal",1758,2.45952606504267
"7287","Cal",1759,2.46192720814244
"7288","Cal",1760,2.46426969329681
"7289","Cal",1761,2.46654701618879
"7290","Cal",1762,2.46875278565879
"7291","Cal",1763,2.47088074325487
"7292","Cal",1764,2.47292478285248
"7293","Cal",1765,2.47487897035004
"7294","Cal",1766,2.47673756344617
"7295","Cal",1767,2.47849503150441
"7296","Cal",1768,2.48014607551096
"7297","Cal",1769,2.48168564813082
"7298","Cal",1770,2.48310897386761
"7299","Cal",1771,2.48441156933171
"7300","Cal",1772,2.48558926362172
"7301","Cal",1773,2.48663821882325
"7302","Cal",1774,2.48755495062933
"7303","Cal",1775,2.48833634908612
"7304","Cal",1776,2.48897969946718
"7305","Cal",1777,2.48948270327951
"7306","Cal",1778,2.48984349680577
"7307","Cal",1779,2.49006065939083
"7308","Cal",1780,2.49013320627814
"7309","Cal",1781,2.49006057119363
"7310","Cal",1782,2.4898425864722
"7311","Cal",1783,2.48947946332558
"7312","Cal",1784,2.48897177225148
"7313","Cal",1785,2.48832042358413
"7314","Cal",1786,2.48752664818541
"7315","Cal",1787,2.48659197827596
"7316","Cal",1788,2.48551822840472
"7317","Cal",1789,2.4843074765558
"7318","Cal",1790,2.48296204539064
"7319","Cal",1791,2.4814844836236
"7320","Cal",1792,2.47987754752863
"7321","Cal",1793,2.47814418257464
"7322","Cal",1794,2.47628750518677
"7323","Cal",1795,2.47431078463087
"7324","Cal",1796,2.47221742501794
"7325","Cal",1797,2.47001094742561
"7326","Cal",1798,2.46769497213309
"7327","Cal",1799,2.46527320096638
"7328","Cal",1800,2.46274939975011
"7329","Cal",1801,2.46012738086245
"7330","Cal",1802,2.45741098588935
"7331","Cal",1803,2.45460406837461
"7332","Cal",1804,2.45171047666174
"7333","Cal",1805,2.44873403682416
"7334","Cal",1806,2.44567853567977
"7335","Cal",1807,2.44254770388637
"7336","Cal",1808,2.43934519911403
"7337","Cal",1809,2.43607458929099
"7338","Cal",1810,2.43273933591943
"7339","Cal",1811,2.42934277745756
"7340","Cal",1812,2.42588811276492
"7341","Cal",1813,2.42237838460733
"7342","Cal",1814,2.41881646321864
"7343","Cal",1815,2.41520502991618
"7344","Cal",1816,2.41154656076714
"7345","Cal",1817,2.40784331030333
"7346","Cal",1818,2.40409729528188
"7347","Cal",1819,2.40031028117671
"7348","Cal",1820,2.39648377946019
"7349","Cal",1821,2.39261906104725
"7350","Cal",1822,2.38871718052639
"7351","Cal",1823,2.3847790031152
"7352","Cal",1824,2.38080523165204
"7353","Cal",1825,2.37679643362328
"7354","Cal",1826,2.37275306822526
"7355","Cal",1827,2.36867551346041
"7356","Cal",1828,2.3645640932671
"7357","Cal",1829,2.36041910468288
"7358","Cal",1830,2.35624084504062
"7359","Cal",1831,2.35202963919752
"7360","Cal",1832,2.34778586679633
"7361","Cal",1833,2.34350998955886
"7362","Cal",1834,2.339202578611
"7363","Cal",1835,2.33486434183908
"7364","Cal",1836,2.33049615127684
"7365","Cal",1837,2.32609907052238
"7366","Cal",1838,2.32167438218421
"7367","Cal",1839,2.31722361535531
"7368","Cal",1840,2.31274856977468
"7369","Cal",1841,2.30825132665686
"7370","Cal",1842,2.30373423950904
"7371","Cal",1843,2.29919991161236
"7372","Cal",1844,2.29465117018312
"7373","Cal",1845,2.29009104055068
"7374","Cal",1846,2.28552272034924
"7375","Cal",1847,2.28094955372078
"7376","Cal",1848,2.27637500552573
"7377","Cal",1849,2.27180263555849
"7378","Cal",1850,2.26723607276404
"7379","Cal",1851,2.26267898945262
"7380","Cal",1852,2.25813507550853
"7381","Cal",1853,2.25360801258984
"7382","Cal",1854,2.24910144831515
"7383","Cal",1855,2.24461897043404
"7384","Cal",1856,2.24016408097751
"7385","Cal",1857,2.23574017038503
"7386","Cal",1858,2.23135049160476
"7387","Cal",1859,2.2269981341636
"7388","Cal",1860,2.22268599820407
"7389","Cal",1861,2.21841676943079
"7390","Cal",1862,2.21419289780199
"7391","Cal",1863,2.21001658185537
"7392","Cal",1864,2.20588975677381
"7393","Cal",1865,2.20181408335101
"7394","Cal",1866,2.19779093690893
"7395","Cal",1867,2.19382139616558
"7396","Cal",1868,2.18990623205177
"7397","Cal",1869,2.18604589647576
"7398","Cal",1870,2.18224051103509
"7399","Cal",1871,2.17848985567513
"7400","Cal",1872,2.17479335729429
"7401","Cal",1873,2.17115007829602
"7402","Cal",1874,2.16755870508827
"7403","Cal",1875,2.16401753653123
"7404","Cal",1876,2.16052447233468
"7405","Cal",1877,2.15707700140671
"7406","Cal",1878,2.1536721901556
"7407","Cal",1879,2.15030667437014
"7408","Cal",1880,2.14697666554838
"7409","Cal",1881,2.14367797892344
"7410","Cal",1882,2.14040607594463
"7411","Cal",1883,2.13715611035093
"7412","Cal",1884,2.13392297421837
"7413","Cal",1885,2.13070134398625
"7414","Cal",1886,2.12748572646702
"7415","Cal",1887,2.12427050484504
"7416","Cal",1888,2.12104998466956
"7417","Cal",1889,2.11781843984734
"7418","Cal",1890,2.11457015864042
"7419","Cal",1891,2.11129948967471
"7420","Cal",1892,2.10800088796473
"7421","Cal",1893,2.10466896096023
"7422","Cal",1894,2.10129851461991
"7423","Cal",1895,2.09788459951748
"7424","Cal",1896,2.09442255698522
"7425","Cal",1897,2.09090806226926
"7426","Cal",1898,2.08733715561004
"7427","Cal",1899,2.08370625519131
"7428","Cal",1900,2.0800121580223
"7429","Cal",1901,2.07625203784777
"7430","Cal",1902,2.07242344311939
"7431","Cal",1903,2.06852429503143
"7432","Cal",1904,2.0645528856228
"7433","Cal",1905,2.06050787594779
"7434","Cal",1906,2.05638829431701
"7435","Cal",1907,2.05219353460982
"7436","Cal",1908,2.04792335465932
"7437","Cal",1909,2.04357787471036
"7438","Cal",1910,2.0391575759509
"7439","Cal",1911,2.03466329911654
"7440","Cal",1912,2.03009624316779
"7441","Cal",1913,2.02545796403926
"7442","Cal",1914,2.02075037345959
"7443","Cal",1915,2.01597573784058
"7444","Cal",1916,2.01113667723373
"7445","Cal",1917,2.00623616435191
"7446","Cal",1918,2.00127752365362
"7447","Cal",1919,1.99626442859717
"7448","Cal",1920,1.99120089139204
"7449","Cal",1921,1.98609124146415
"7450","Cal",1922,1.98094009641086
"7451","Cal",1923,1.97575233111099
"7452","Cal",1924,1.97053304687507
"7453","Cal",1925,1.9652875406312
"7454","Cal",1926,1.96002127414152
"7455","Cal",1927,1.95473984324418
"7456","Cal",1928,1.94944894711542
"7457","Cal",1929,1.94415435754641
"7458","Cal",1930,1.93886188822926
"7459","Cal",1931,1.93357736404668
"7460","Cal",1932,1.9283065903594
"7461","Cal",1933,1.92305532228609
"7462","Cal",1934,1.91782923396969
"7463","Cal",1935,1.91263388782488
"7464","Cal",1936,1.90747470376112
"7465","Cal",1937,1.90235692837564
"7466","Cal",1938,1.89728560411146
"7467","Cal",1939,1.89226553837501
"7468","Cal",1940,1.88730127260872
"7469","Cal",1941,1.88239705131371
"7470","Cal",1942,1.87755679350652
"7471","Cal",1943,1.87278407407036
"7472","Cal",1944,1.86808211997357
"7473","Cal",1945,1.86345381637529
"7474","Cal",1946,1.85890171515058
"7475","Cal",1947,1.85442804334401
"7476","Cal",1948,1.85003471154899
"7477","Cal",1949,1.84572332221103
"7478","Cal",1950,1.8414951778527
"7479","Cal",1951,1.83735128921899
"7480","Cal",1952,1.83329238334167
"7481","Cal",1953,1.82931891152166
"7482","Cal",1954,1.82543105722876
"7483","Cal",1955,1.82162874391828
"7484","Cal",1956,1.81791164276431
"7485","Cal",1957,1.8142791803098
"7486","Cal",1958,1.81073054603374
"7487","Cal",1959,1.80726469983594
"7488","Cal",1960,1.80388037944028
"7489","Cal",1961,1.80057610771737
"7490","Cal",1962,1.7973501999279
"7491","Cal",1963,1.79420077088807
"7492","Cal",1964,1.79112574205877
"7493","Cal",1965,1.78812284937577
"7494","Cal",1966,1.78518965426944
"7495","Cal",1967,1.78232355950699
"7496","Cal",1968,1.77952182822877
"7497","Cal",1969,1.77678160373475
"7498","Cal",1970,1.77409992920828
"7499","Cal",1971,1.77147376738
"7500","Cal",1972,1.76890002013478
"7501","Cal",1973,1.76637554806449
"7502","Cal",1974,1.76389718996985
"7503","Cal",1975,1.76146178231415
"7504","Cal",1976,1.75906617863211
"7505","Cal",1977,1.75670726889689
"7506","Cal",1978,1.75438199884824
"7507","Cal",1979,1.75208738928493
"7508","Cal",1980,1.7498205553243
"7509","Cal",1981,1.74757872563193
"7510","Cal",1982,1.74535926162421
"7511","Cal",1983,1.74315967664644
"7512","Cal",1984,1.74097765512903
"7513","Cal",1985,1.73881107172437
"7514","Cal",1986,1.73665800907002
"7515","Cal",1987,1.73451677011151
"7516","Cal",1988,1.73238588227379
"7517","Cal",1989,1.73026409619577
"7518","Cal",1990,1.72815038309828
"7519","Cal",1991,1.72604393214308
"7520","Cal",1992,1.72394414778389
"7521","Cal",1993,1.72185064711023
"7522","Cal",1994,1.71976325718469
"7523","Cal",1995,1.71768201237394
"7524","Cal",1996,1.71560715167371
"7525","Cal",1997,1.71353911602765
"7526","Cal",1998,1.71147854563992
"7527","Cal",1999,1.70942627728098
"7528","Cal",2000,1.70738334158606
"7529","Cal",2001,1.70535096034541
"7530","Cal",2002,1.70333054378537
"7531","Cal",2003,1.70132368783906
"7532","Cal",2004,1.69933217140536
"7533","Cal",2005,1.69735795359453
"7534","Cal",2006,1.69540317095881
"7535","Cal",2007,1.69347013470613
"7536","Cal",2008,1.69156132789473
"7537","Cal",2009,1.68967940266018
"7538","Cal",2010,1.68782717763331
"7539","Cal",2011,1.68600763565381
"7540","Cal",2012,1.68422392166934
"7541","Cal",2013,1.68247934065643
"7542","Cal",2014,1.68077735550636
"7543","Cal",2015,1.67912158487281
"7544","Cal",2016,1.67751580097799
"7545","Cal",2017,1.67596392737363
"7546","Cal",2018,1.67447003665315
"7547","Cal",2019,1.67303834811128
"7548","Cal",2020,1.67167322534713
"7549","Cal",2021,1.67037917380648
"7550","Cal",2022,1.66916083825924
"7551","Cal",2023,1.66802300020753
"7552","Cal",2024,1.66697057521996
"7553","Cal",2025,1.66600861018734
"7554","Cal",2026,1.66514228049521
"7555","Cal",2027,1.66437688710799
"7556","Cal",2028,1.66371785356008
"7557","Cal",2029,1.6631707228484
"7558","Cal",2030,1.66274115327294
"7559","Cal",2031,1.66243491037476
"7560","Cal",2032,1.66225785306925
"7561","Cal",2033,1.66221591586577
"7562","Cal",2034,1.66231509001294
"7563","Cal",2035,1.66256140451235
"7564","Cal",2036,1.66296090699464
"7565","Cal",2037,1.66351964445226
"7566","Cal",2038,1.66424364382296
"7567","Cal",2039,1.6651388924181
"7568","Cal",2040,1.66621131818999
"7569","Cal",2041,1.66746676983233
"7570","Cal",2042,1.6689109967081
"7571","Cal",2043,1.67054962859915
"7572","Cal",2044,1.67238815527185
"7573","Cal",2045,1.67443190585347
"7574","Cal",2046,1.67668602801375
"7575","Cal",2047,1.67915546694669
"7576","Cal",2048,1.68184494414738
"7577","Cal",2049,1.68475893597914
"7578","Cal",2050,1.68790165202643
"7579","Cal",2051,1.69127701322903
"7580","Cal",2052,1.69488863123199
"7581","Cal",2053,1.6987397932628
"7582","Cal",2054,1.70283345540913
"7583","Cal",2055,1.70717224141706
"7584","Cal",2056,1.71175844269168
"7585","Cal",2057,1.71659401805893
"7586","Cal",2058,1.72168059328656
"7587","Cal",2059,1.72701946036226
"7588","Cal",2060,1.73261157652733
"7589","Cal",2061,1.73845756306477
"7590","Cal",2062,1.74455770384064
"7591","Cal",2063,1.75091194359833
"7592","Cal",2064,1.75751988600524
"7593","Cal",2065,1.76438079145214
"7594","Cal",2066,1.77149357460538
"7595","Cal",2067,1.77885680171283
"7596","Cal",2068,1.78646868766458
"7597","Cal",2069,1.7943270928097
"7598","Cal",2070,1.802429519531
"7599","Cal",2071,1.81077310857959
"7600","Cal",2072,1.81935463517198
"7601","Cal",2073,1.82817050485231
"7602","Cal",2074,1.8372167491229
"7603","Cal",2075,1.84648902084665
"7604","Cal",2076,1.85598258942517
"7605","Cal",2077,1.86569233575679
"7606","Cal",2078,1.87561274697919
"7607","Cal",2079,1.88573791100154
"7608","Cal",2080,1.89606151083157
"7609","Cal",2081,1.90657681870334
"7610","Cal",2082,1.91727669001178
"7611","Cal",2083,1.92815355706077
"7612","Cal",2084,1.93919942263143
"7613","Cal",2085,1.95040585337824
"7614","Cal",2086,1.96176397306071
"7615","Cal",2087,1.97326445561876
"7616","Cal",2088,1.98489751810054
"7617","Cal",2089,1.99665291345171
"7618","Cal",2090,2.00851992317586
"7619","Cal",2091,2.02048734987585
"7620","Cal",2092,2.03254350968667
"7621","Cal",2093,2.04467622461067
"7622","Cal",2094,2.05687281476663
"7623","Cal",2095,2.06912009056441
"7624","Cal",2096,2.08140434995633
"7625","Cal",2097,2.09371139619447
"7626","Cal",2098,2.1060265863845
"7627","Cal",2099,2.1183349005725
"7628","Cal",2100,2.13062101596281
"7629","Cal",2101,2.14286938114269
"7630","Cal",2102,2.15506429032871
"7631","Cal",2103,2.16718995765006
"7632","Cal",2104,2.17923059148389
"7633","Cal",2105,2.19117046885822
"7634","Cal",2106,2.20299400993764
"7635","Cal",2107,2.21468585260707
"7636","Cal",2108,2.22623092716885
"7637","Cal",2109,2.23761453116799
"7638","Cal",2110,2.24882240436019
"7639","Cal",2111,2.25984080383711
"7640","Cal",2112,2.27065657932248
"7641","Cal",2113,2.28125724865268
"7642","Cal",2114,2.29163107345433
"7643","Cal",2115,2.30176713503116
"7644","Cal",2116,2.31165541047155
"7645","Cal",2117,2.32128684898726
"7646","Cal",2118,2.33065344262058
"7647","Cal",2119,2.339748273711
"7648","Cal",2120,2.34856552738397
"7649","Cal",2121,2.35710048081368
"7650","Cal",2122,2.36534948688322
"7651","Cal",2123,2.37330995811926
"7652","Cal",2124,2.38098035090492
"7653","Cal",2125,2.38836014997317
"7654","Cal",2126,2.3954498531825
"7655","Cal",2127,2.40225095657518
"7656","Cal",2128,2.40876593971771
"7657","Cal",2129,2.41499825132206
"7658","Cal",2130,2.42095229514519
"7659","Cal",2131,2.42663341616351
"7660","Cal",2132,2.43204788701815
"7661","Cal",2133,2.43720289472556
"7662","Cal",2134,2.44210652764764
"7663","Cal",2135,2.44676776271413
"7664","Cal",2136,2.45119644873141
"7665","Cal",2137,2.45540327329434
"7666","Cal",2138,2.45939970497515
"7667","Cal",2139,2.46319791909546
"7668","Cal",2140,2.46681071954477
"7669","Cal",2141,2.47025146079181
"7670","Cal",2142,2.47353397007627
"7671","Cal",2143,2.47667246976791
"7672","Cal",2144,2.47968149987978
"7673","Cal",2145,2.48257584072149
"7674","Cal",2146,2.48537043567856
"7675","Cal",2147,2.48808031410352
"7676","Cal",2148,2.490720514304
"7677","Cal",2149,2.49330600661355
"7678","Cal",2150,2.49585161653023
"7679","Cal",2151,2.49837194790867
"7680","Cal",2152,2.5008813061911
"7681","Cal",2153,2.50339362166308
"7682","Cal",2154,2.50592237272022
"7683","Cal",2155,2.50848050913212
"7684","Cal",2156,2.51108037529064
"7685","Cal",2157,2.51373363883425
"7686","Cal",2158,2.51645124084974
"7687","Cal",2159,2.51924337844898
"7688","Cal",2160,2.52211950890101
"7689","Cal",2161,2.52508835909635
"7690","Cal",2162,2.52815793492982
"7691","Cal",2163,2.53133553059334
"7692","Cal",2164,2.53462773777095
"7693","Cal",2165,2.53804045472888
"7694","Cal",2166,2.54157889529437
"7695","Cal",2167,2.54524759771728
"7696","Cal",2168,2.54905043340957
"7697","Cal",2169,2.55299061555826
"7698","Cal",2170,2.55707070760784
"7699","Cal",2171,2.56129263160932
"7700","Cal",2172,2.56565767643318
"7701","Cal",2173,2.57016650584445
"7702","Cal",2174,2.57481916643863
"7703","Cal",2175,2.57961509543781
"7704","Cal",2176,2.58455312834693
"7705","Cal",2177,2.58963150647075
"7706","Cal",2178,2.59484788429261
"7707","Cal",2179,2.60019933963742
"7708","Cal",2180,2.60568239538315
"7709","Cal",2181,2.61129305856503
"7710","Cal",2182,2.61702687103446
"7711","Cal",2183,2.62287896291445
"7712","Cal",2184,2.62884410593533
"7713","Cal",2185,2.63491676665531
"7714","Cal",2186,2.64109115957106
"7715","Cal",2187,2.64736130012369
"7716","Cal",2188,2.6537210576056
"7717","Cal",2189,2.66016420797419
"7718","Cal",2190,2.66668448657826
"7719","Cal",2191,2.67327564080317
"7720","Cal",2192,2.67993148264083
"7721","Cal",2193,2.68664594119063
"7722","Cal",2194,2.69341311509723
"7723","Cal",2195,2.70022732493121
"7724","Cal",2196,2.7070831655182
"7725","Cal",2197,2.71397555822204
"7726","Cal",2198,2.72089980318727
"7727","Cal",2199,2.72785163154577
"7728","Cal",2200,2.73482725759213
"7729","Cal",2201,2.74182343093202
"7730","Cal",2202,2.74883747923587
"7731","Cal",2203,2.75586731348811
"7732","Cal",2204,2.76291137699213
"7733","Cal",2205,2.76996855687544
"7734","Cal",2206,2.7770380862095
"7735","Cal",2207,2.7841194461168
"7736","Cal",2208,2.79121226786559
"7737","Cal",2209,2.79831623495318
"7738","Cal",2210,2.8054309851779
"7739","Cal",2211,2.81255601270036
"7740","Cal",2212,2.81969057009415
"7741","Cal",2213,2.8268335703867
"7742","Cal",2214,2.83398348909107
"7743","Cal",2215,2.8411382662296
"7744","Cal",2216,2.84829520835119
"7745","Cal",2217,2.85545089054413
"7746","Cal",2218,2.86260105844714
"7747","Cal",2219,2.86974053026205
"7748","Cal",2220,2.87686309877236
"7749","Cal",2221,2.88396143337267
"7750","Cal",2222,2.89102698211511
"7751","Cal",2223,2.89804987378006
"7752","Cal",2224,2.90501883676019
"7753","Cal",2225,2.91192118511029
"7754","Cal",2226,2.91874290533525
"7755","Cal",2227,2.92546881036715
"7756","Cal",2228,2.93208271040219
"7757","Cal",2229,2.9385675838316
"7758","Cal",2230,2.94490574828199
"7759","Cal",2231,2.95107903178183
"7760","Cal",2232,2.95706894407107
"7761","Cal",2233,2.96285684807156
"7762","Cal",2234,2.96842413153631
"7763","Cal",2235,2.97375237889548
"7764","Cal",2236,2.97882354331731
"7765","Cal",2237,2.98362011900176
"7766","Cal",2238,2.98812531372438
"7767","Cal",2239,2.99232322164746
"7768","Cal",2240,2.9961989964146
"7769","Cal",2241,2.9997390245442
"7770","Cal",2242,3.00293108348609
"7771","Cal",2243,3.00576443740367
"7772","Cal",2244,3.00822983939321
"7773","Cal",2245,3.010319471451
"7774","Cal",2246,3.01202686914823
"7775","Cal",2247,3.01334684667123
"7776","Cal",2248,3.01427542223367
"7777","Cal",2249,3.01480974386563
"7778","Cal",2250,3.01494801558345
"7779","Cal",2251,3.01468942394332
"7780","Cal",2252,3.01403406498027
"7781","Cal",2253,3.01298287153342
"7782","Cal",2254,3.01153754095741
"7783","Cal",2255,3.00970046321927
"7784","Cal",2256,3.00747464937884
"7785","Cal",2257,3.00486366045074
"7786","Cal",2258,3.00187153664485
"7787","Cal",2259,2.9985027269818
"7788","Cal",2260,2.99476202428973
"7789","Cal",2261,2.99065452060817
"7790","Cal",2262,2.98618559301439
"7791","Cal",2263,2.98136090984717
"7792","Cal",2264,2.97618644229276
"7793","Cal",2265,2.97066847631728
"7794","Cal",2266,2.9648136249398
"7795","Cal",2267,2.95862884083997
"7796","Cal",2268,2.95212142929378
"7797","Cal",2269,2.94529906143062
"7798","Cal",2270,2.9381697878045
"7799","Cal",2271,2.93074205227205
"7800","Cal",2272,2.92302470616931
"7801","Cal",2273,2.91502702277923
"7802","Cal",2274,2.90675871208105
"7803","Cal",2275,2.89822993577275
"7804","Cal",2276,2.8894513225569
"7805","Cal",2277,2.88043398368011
"7806","Cal",2278,2.87118952277411
"7807","Cal",2279,2.86173002216269
"7808","Cal",2280,2.85206799374012
"7809","Cal",2281,2.84221630629244
"7810","Cal",2282,2.83218810707429
"7811","Cal",2283,2.82199674357043
"7812","Cal",2284,2.81165568542912
"7813","Cal",2285,2.80117844655452
"7814","Cal",2286,2.79057850734482
"7815","Cal",2287,2.77986923706315
"7816","Cal",2288,2.76906381632813
"7817","Cal",2289,2.75817515971091
"7818","Cal",2290,2.74721583842624
"7819","Cal",2291,2.7361980031046
"7820","Cal",2292,2.72513330663357
"7821","Cal",2293,2.71403282705631
"7822","Cal",2294,2.70290699051609
"7823","Cal",2295,2.69176550233178
"7824","Cal",2296,2.68061731048173
"7825","Cal",2297,2.66947061767814
"7826","Cal",2298,2.65833292583171
"7827","Cal",2299,2.64721108861094
"7828","Cal",2300,2.636111363993
"7829","Cal",2301,2.62503946679944
"7830","Cal",2302,2.61400062121058
"7831","Cal",2303,2.60299961325308
"7832","Cal",2304,2.5920408432555
"7833","Cal",2305,2.58112837826714
"7834","Cal",2306,2.57026600443595
"7835","Cal",2307,2.55945727934138
"7836","Cal",2308,2.54870558427862
"7837","Cal",2309,2.53801417649058
"7838","Cal",2310,2.52738624134438
"7839","Cal",2311,2.51682494444914
"7840","Cal",2312,2.50633348026923
"7841","Cal",2313,2.49591510690174
"7842","Cal",2314,2.48557316012965
"7843","Cal",2315,2.4753110536329
"7844","Cal",2316,2.46513227568233
"7845","Cal",2317,2.45504038575566
"7846","Cal",2318,2.44503901107235
"7847","Cal",2319,2.4351318430437
"7848","Cal",2320,2.42532263363473
"7849","Cal",2321,2.41561519163429
"7850","Cal",2322,2.40601337882956
"7851","Cal",2323,2.39652110608152
"7852","Cal",2324,2.38714232929736
"7853","Cal",2325,2.37788104529616
"7854","Cal",2326,2.36874128756396
"7855","Cal",2327,2.35972712189437
"7856","Cal",2328,2.35084264191064
"7857","Cal",2329,2.34209196446545
"7858","Cal",2330,2.33347922491427
"7859","Cal",2331,2.32500857225834
"7860","Cal",2332,2.31668416397588
"7861","Cal",2333,2.30851016000572
"7862","Cal",2334,2.30049071552445
"7863","Cal",2335,2.29262997286786
"7864","Cal",2336,2.2849320531244
"7865","Cal",2337,2.27740104757409
"7866","Cal",2338,2.27004100896874
"7867","Cal",2339,2.26285594264956
"7868","Cal",2340,2.25584979749815
"7869","Cal",2341,2.24902645671715
"7870","Cal",2342,2.24238972843641
"7871","Cal",2343,2.23594333614121
"7872","Cal",2344,2.22969090891864
"7873","Cal",2345,2.22363597151851
"7874","Cal",2346,2.21778193422537
"7875","Cal",2347,2.21213208253814
"7876","Cal",2348,2.20668956665401
"7877","Cal",2349,2.20145739075349
"7878","Cal",2350,2.19643840208346
"7879","Cal",2351,2.19163527889329
"7880","Cal",2352,2.187050514395
"7881","Cal",2353,2.18268639486076
"7882","Cal",2354,2.17854497373935
"7883","Cal",2355,2.17462804461575
"7884","Cal",2356,2.1709371139538
"7885","Cal",2357,2.16747337362029
"7886","Cal",2358,2.1642376731889
"7887","Cal",2359,2.1612304920231
"7888","Cal",2360,2.15845191113683
"7889","Cal",2361,2.15590158483283
"7890","Cal",2362,2.15357871211841
"7891","Cal",2363,2.15148200789895
"7892","Cal",2364,2.14960967395015
"7893","Cal",2365,2.14795936966998
"7894","Cal",2366,2.14652818261237
"7895","Cal",2367,2.14531259880483
"7896","Cal",2368,2.14430847285282
"7897","Cal",2369,2.1435109978343
"7898","Cal",2370,2.14291468215271
"7899","Cal",2371,2.14251335484481
"7900","Cal",2372,2.14230021367703
"7901","Cal",2373,2.14226790170819
"7902","Cal",2374,2.14240859083304
"7903","Cal",2375,2.14271406514994
"7904","Cal",2376,2.1431758041601
"7905","Cal",2377,2.14378506580637
"7906","Cal",2378,2.14453296935995
"7907","Cal",2379,2.14541057816336
"7908","Cal",2380,2.14640898223834
"7909","Cal",2381,2.1475193807674
"7910","Cal",2382,2.14873316445758
"7911","Cal",2383,2.15004199779495
"7912","Cal",2384,2.15143790119836
"7913","Cal",2385,2.15291333308021
"7914","Cal",2386,2.15446127182237
"7915","Cal",2387,2.15607529767421
"7916","Cal",2388,2.1577496745797
"7917","Cal",2389,2.15947942208139
"7918","Cal",2390,2.16126034773111
"7919","Cal",2391,2.16308902029552
"7920","Cal",2392,2.1649627034773
"7921","Cal",2393,2.16687927973115
"7922","Cal",2394,2.16883717403551
"7923","Cal",2395,2.17083527762225
"7924","Cal",2396,2.17287287166592
"7925","Cal",2397,2.17494955093356
"7926","Cal",2398,2.17706514739592
"7927","Cal",2399,2.17921965380045
"7928","Cal",2400,2.18141314720637
"7929","Cal",2401,2.18364571248162
"7930","Cal",2402,2.18591736576202
"7931","Cal",2403,2.18822797787224
"7932","Cal",2404,2.19057719770881
"7933","Cal",2405,2.19296437558527
"7934","Cal",2406,2.19538848653987
"7935","Cal",2407,2.19784806120935
"7936","Cal",2408,2.2003411470789
"7937","Cal",2409,2.20286531531546
"7938","Cal",2410,2.20541769798048
"7939","Cal",2411,2.20799503281555
"7940","Cal",2412,2.21059370800077
"7941","Cal",2413,2.2132098068889
"7942","Cal",2414,2.21583915271895
"7943","Cal",2415,2.21847735331287
"7944","Cal",2416,2.22111984575941
"7945","Cal",2417,2.22376194108954
"7946","Cal",2418,2.2263988689476
"7947","Cal",2419,2.22902582226302
"7948","Cal",2420,2.23163800192701
"7949","Cal",2421,2.23423066147897
"7950","Cal",2422,2.23679915180729
"7951","Cal",2423,2.23933896586915
"7952","Cal",2424,2.24184578343372
"7953","Cal",2425,2.24431551585331
"7954","Cal",2426,2.24674435086647
"7955","Cal",2427,2.24912879314468
"7956","Cal",2428,2.25146568770884
"7957","Cal",2429,2.25375221763398
"7958","Cal",2430,2.25598588463026
"7959","Cal",2431,2.25816448538047
"7960","Cal",2432,2.26028608792881
"7961","Cal",2433,2.26234900812326
"7962","Cal",2434,2.26435178611337
"7963","Cal",2435,2.26629316290503
"7964","Cal",2436,2.26817205697391
"7965","Cal",2437,2.26998754093847
"7966","Cal",2438,2.27173881829389
"7967","Cal",2439,2.2734252002077
"7968","Cal",2440,2.27504608237787
"7969","Cal",2441,2.27660092195421
"7970","Cal",2442,2.27808921452341
"7971","Cal",2443,2.27951047115855
"7972","Cal",2444,2.28086419553335
"7973","Cal",2445,2.28214986110183
"7974","Cal",2446,2.28336688834369
"7975","Cal",2447,2.28451462274889
"7976","Cal",2448,2.28559231556006
"7977","Cal",2449,2.28659910861903
"7978","Cal",2450,2.28753402197269
"7979","Cal",2451,2.28839594222067
"7980","Cal",2452,2.28918361093321
"7981","Cal",2453,2.28989561314015
"7982","Cal",2454,2.29053036589242
"7983","Cal",2455,2.29108610689727
"7984","Cal",2456,2.29156088322893
"7985","Cal",2457,2.29195254011629
"7986","Cal",2458,2.29225870980964
"7987","Cal",2459,2.29247680052842
"7988","Cal",2460,2.29260398549245
"7989","Cal",2461,2.29263719203908
"7990","Cal",2462,2.29257309082902
"7991","Cal",2463,2.2924080851439
"7992","Cal",2464,2.29213830027874
"7993","Cal",2465,2.29175957303291
"7994","Cal",2466,2.29126744130335
"7995","Cal",2467,2.29065713378399
"7996","Cal",2468,2.28992356416071
"7997","Cal",2469,2.28906134296066
"7998","Cal",2470,2.28806481583038
"7999","Cal",2471,2.28692811947864
"8000","Cal",2472,2.28564524213487
"8001","Cal",2473,2.28421008414436
"8002","Cal",2474,2.28261651870592
"8003","Cal",2475,2.28085845275786
"8004","Cal",2476,2.2789298880184
"8005","Cal",2477,2.27682498218629
"8006","Cal",2478,2.2745381103075
"8007","Cal",2479,2.27206392631359
"8008","Cal",2480,2.26939742473733
"8009","Cal",2481,2.26653400261058
"8010","Cal",2482,2.26346952154948
"8011","Cal",2483,2.26020037003119
"8012","Cal",2484,2.25672352586636
"8013","Cal",2485,2.25303661887068
"8014","Cal",2486,2.24913799373859
"8015","Cal",2487,2.24502677312124
"8016","Cal",2488,2.24070292091037
"8017","Cal",2489,2.23616730572903
"8018","Cal",2490,2.23142175657832
"8019","Cal",2491,2.22646908648775
"8020","Cal",2492,2.22131306806596
"8021","Cal",2493,2.21595837705049
"8022","Cal",2494,2.21041052800464
"8023","Cal",2495,2.20467581020744
"8024","Cal",2496,2.1987612237316
"8025","Cal",2497,2.19267441570304
"8026","Cal",2498,2.1864236167355
"8027","Cal",2499,2.18001757753259
"8028","Cal",2500,2.17346550564943
"8029","Cal",2501,2.16677700240533
"8030","Cal",2502,2.15996199993858
"8031","Cal",2503,2.15303069839396
"8032","Cal",2504,2.14599350323349
"8033","Cal",2505,2.13886096266027
"8034","Cal",2506,2.1316437051456
"8035","Cal",2507,2.12435237704877
"8036","Cal",2508,2.11699758031957
"8037","Cal",2509,2.10958981374406
"8038","Cal",2510,2.10213942813695
"8039","Cal",2511,2.09465660241277
"8040","Cal",2512,2.08715133358326
"8041","Cal",2513,2.0796334302577
"8042","Cal",2514,2.07211250616516
"8043","Cal",2515,2.06459797368918
"8044","Cal",2516,2.05709903740546
"8045","Cal",2517,2.0496246876135
"8046","Cal",2518,2.04218369385304
"8047","Cal",2519,2.03478459839672
"8048","Cal",2520,2.02743570971034
"8049","Cal",2521,2.02014509587241
"8050","Cal",2522,2.01292057794484
"8051","Cal",2523,2.00576972328706
"8052","Cal",2524,1.99869983880579
"8053","Cal",2525,1.99171796413317
"8054","Cal",2526,1.98483086472616
"8055","Cal",2527,1.97804502488024
"8056","Cal",2528,1.971366640651
"8057","Cal",2529,1.9648016132559
"8058","Cal",2530,1.95835554468676
"8059","Cal",2531,1.95203373668477
"8060","Cal",2532,1.94584119191487
"8061","Cal",2533,1.93978261559812
"8062","Cal",2534,1.93386241701813
"8063","Cal",2535,1.92808471089722
"8064","Cal",2536,1.92245331863781
"8065","Cal",2537,1.91697176942508
"8066","Cal",2538,1.91164330118732
"8067","Cal",2539,1.90647086141027
"8068","Cal",2540,1.90145710780256
"8069","Cal",2541,1.89660440880916
"8070","Cal",2542,1.89191484397041
"8071","Cal",2543,1.88739020412424
"8072","Cal",2544,1.88303199144955
"8073","Cal",2545,1.87884141934903
"8074","Cal",2546,1.87481941216999
"8075","Cal",2547,1.87096660476196
"8076","Cal",2548,1.86728334187013
"8077","Cal",2549,1.86376967757117
"8078","Cal",2550,1.860425375372
"8079","Cal",2551,1.85724990938563
"8080","Cal",2552,1.85424246617019
"8081","Cal",2553,1.85140194661055
"8082","Cal",2554,1.84872696763648
"8083","Cal",2555,1.84621586377817
"8084","Cal",2556,1.84386668856063
"8085","Cal",2557,1.8416772157386
"8086","Cal",2558,1.83964494037369
"8087","Cal",2559,1.83776707975618
"8088","Cal",2560,1.83604057417366
"8089","Cal",2561,1.83446208752943
"8090","Cal",2562,1.83302800781346
"8091","Cal",2563,1.83173444742939
"8092","Cal",2564,1.8305772433808
"8093","Cal",2565,1.82955195732079
"8094","Cal",2566,1.82865387546879
"8095","Cal",2567,1.82787800839897
"8096","Cal",2568,1.82721909070487
"8097","Cal",2569,1.82667158341586
"8098","Cal",2570,1.82622968778335
"8099","Cal",2571,1.8258873761838
"8100","Cal",2572,1.82563843440243
"8101","Cal",2573,1.82547650669082
"8102","Cal",2574,1.82539514073363
"8103","Cal",2575,1.82538783253059
"8104","Cal",2576,1.8254480712
"8105","Cal",2577,1.82556938371006
"8106","Cal",2578,1.82574537954439
"8107","Cal",2579,1.82596979530797
"8108","Cal",2580,1.82623653927974
"8109","Cal",2581,1.82653973591798
"8110","Cal",2582,1.82687377032425
"8111","Cal",2583,1.82723333267178
"8112","Cal",2584,1.8276134626036
"8113","Cal",2585,1.82800959360563
"8114","Cal",2586,1.82841759735959
"8115","Cal",2587,1.82883382808
"8116","Cal",2588,1.82925516683953
"8117","Cal",2589,1.82967906588589
"8118","Cal",2590,1.83010358768789
"8119","Cal",2591,1.83052742291552
"8120","Cal",2592,1.83094987682472
"8121","Cal",2593,1.83137083457936
"8122","Cal",2594,1.8317907213086
"8123","Cal",2595,1.83221046216545
"8124","Cal",2596,1.83263144238607
"8125","Cal",2597,1.83305546734905
"8126","Cal",2598,1.83348472263328
"8127","Cal",2599,1.83392173407256
"8128","Cal",2600,1.83436932780512
"8129","Cal",2601,1.8348305903153
"8130","Cal",2602,1.83530882846484
"8131","Cal",2603,1.83580752951074
"8132","Cal",2604,1.8363303211065
"8133","Cal",2605,1.83688093128334
"8134","Cal",2606,1.83746314840791
"8135","Cal",2607,1.83808078111284
"8136","Cal",2608,1.83873761819649
"8137","Cal",2609,1.83943739000638
"8138","Cal",2610,1.84018373585685
"8139","Cal",2611,1.84098018051381
"8140","Cal",2612,1.84183011670662
"8141","Cal",2613,1.84273678910934
"8142","Cal",2614,1.84370327826998
"8143","Cal",2615,1.84473248448445
"8144","Cal",2616,1.84582711161242
"8145","Cal",2617,1.84698965083211
"8146","Cal",2618,1.84822236433142
"8147","Cal",2619,1.84952726893303
"8148","Cal",2620,1.85090611965126
"8149","Cal",2621,1.85236039317861
"8150","Cal",2622,1.85389127130053
"8151","Cal",2623,1.85549962423673
"8152","Cal",2624,1.85718599390804
"8153","Cal",2625,1.85895057712792
"8154","Cal",2626,1.86079320871816
"8155","Cal",2627,1.86271334454849
"8156","Cal",2628,1.86471004450032
"8157","Cal",2629,1.86678195906026
"8158","Cal",2630,1.86892733065928
"8159","Cal",2631,1.87114401716893
"8160","Cal",2632,1.87342953014633
"8161","Cal",2633,1.87578107671486
"8162","Cal",2634,1.87819560137791
"8163","Cal",2635,1.88066982776842
"8164","Cal",2636,1.88320030033721
"8165","Cal",2637,1.8857834259831
"8166","Cal",2638,1.88841551562846
"8167","Cal",2639,1.89109282574334
"8168","Cal",2640,1.89381159982204
"8169","Cal",2641,1.89656810981554
"8170","Cal",2642,1.89935869752353
"8171","Cal",2643,1.90217981594971
"8172","Cal",2644,1.90502807062369
"8173","Cal",2645,1.90790026089322
"8174","Cal",2646,1.91079342118974
"8175","Cal",2647,1.91370486227061
"8176","Cal",2648,1.91663221244071
"8177","Cal",2649,1.91957345875609
"8178","Cal",2650,1.92252698821192
"8179","Cal",2651,1.92549162354481
"8180","Cal",2652,1.92846663753524
"8181","Cal",2653,1.93145173506736
"8182","Cal",2654,1.9344470136908
"8183","Cal",2655,1.93745291880051
"8184","Cal",2656,1.94047019880651
"8185","Cal",2657,1.94349986029317
"8186","Cal",2658,1.94654312316723
"8187","Cal",2659,1.9496013757937
"8188","Cal",2660,1.95267613011838
"8189","Cal",2661,1.95576897677575
"8190","Cal",2662,1.95888154018074
"8191","Cal",2663,1.96201543360283
"8192","Cal",2664,1.96517221422093
"8193","Cal",2665,1.96835333815758
"8194","Cal",2666,1.9715601154908
"8195","Cal",2667,1.97479366524238
"8196","Cal",2668,1.97805487034119
"8197","Cal",2669,1.98134433256056
"8198","Cal",2670,1.98466232742883
"8199","Cal",2671,1.98800875911259
"8200","Cal",2672,1.99138311527216
"8201","Cal",2673,1.99478442680642
"8202","Cal",2674,1.99821124723749
"8203","Cal",2675,2.00166166156968
"8204","Cal",2676,2.00513331479073
"8205","Cal",2677,2.00862344526698
"8206","Cal",2678,2.01212891811806
"8207","Cal",2679,2.01564625857371
"8208","Cal",2680,2.01917168531592
"8209","Cal",2681,2.0227011438095
"8210","Cal",2682,2.02623033962506
"8211","Cal",2683,2.02975477175807
"8212","Cal",2684,2.03326976594833
"8213","Cal",2685,2.03677050800413
"8214","Cal",2686,2.04025207713574
"8215","Cal",2687,2.04370947930275
"8216","Cal",2688,2.04713768058019
"8217","Cal",2689,2.05053164054821
"8218","Cal",2690,2.05388634571019
"8219","Cal",2691,2.05719684294424
"8220","Cal",2692,2.06045827299288
"8221","Cal",2693,2.06366590399578
"8222","Cal",2694,2.06681516267609
"8223","Cal",2695,2.06990165600245
"8224","Cal",2696,2.07292117854286
"8225","Cal",2697,2.07586971030291
"8226","Cal",2698,2.07874341223512
"8227","Cal",2699,2.08153862181727
"8228","Cal",2700,2.08425184870358
